id_zona,p_k (entero óptimo),A_k(P_i),U_k (entero óptimo),dia
1641,1085155.2,-16493.459039999998,0.0,25
519,1081842.4,-16443.104479999998,0.0,25
1309,1080563.2,-16423.66064,0.0,25
975,1078824.7999999998,-16397.236959999995,0.0,25
1671,1078628.0,-16394.2456,0.0,25
1462,1077873.5999999999,-16382.778719999998,0.0,25
94,1077578.4,-16378.291679999998,0.0,25
1954,1075512.0,-16346.8824,0.0,25
1832,1074068.7999999998,-16324.945759999997,0.0,25
1565,1073412.7999999998,-16314.974559999997,0.0,25
34,1071379.2,-16284.063839999999,0.0,25
753,1071248.0,-16282.0696,0.0,25
1661,1069476.7999999998,-16255.147359999997,0.0,25
1873,1069312.7999999998,-16252.654559999997,0.0,25
82,1069116.0,-16249.6632,0.0,25
1918,1068656.7999999998,-16242.683359999997,0.0,25
1900,1067771.2,-16229.22224,0.0,25
1460,1067607.2,-16226.72944,0.0,25
137,1064622.4,-16181.36048,0.0,25
1373,1063769.5999999999,-16168.397919999998,0.0,25
803,1063704.0,-16167.4008,0.0,25
1398,1062359.2,-16146.95984,0.0,25
838,1062195.2,-16144.46704,0.0,25
363,1061473.5999999999,-16133.498719999998,0.0,25
488,1061014.4,-16126.51888,0.0,25
1328,1060981.5999999999,-16126.020319999998,0.0,25
1159,1060292.7999999998,-16115.550559999998,0.0,25
1241,1059932.0,-16110.0664,0.0,25
262,1059866.4,-16109.06928,0.0,25
597,1059735.2,-16107.07504,0.0,25
1713,1058784.0,-16092.6168,0.0,25
1290,1058062.4,-16081.648479999998,0.0,25
1346,1057996.7999999998,-16080.651359999998,0.0,25
754,1057898.4,-16079.155679999998,0.0,25
945,1057800.0,-16077.66,0.0,25
1090,1055569.5999999999,-16043.757919999998,0.0,25
1780,1054585.5999999999,-16028.801119999998,0.0,25
1734,1054421.5999999999,-16026.308319999998,0.0,25
2066,1053503.2,-16012.34864,0.0,25
789,1052880.0,-16002.876,0.0,25
1180,1051994.4,-15989.414879999998,0.0,25
1164,1051436.7999999998,-15980.939359999997,0.0,25
1154,1051174.4,-15976.950879999999,0.0,25
1103,1049895.2,-15957.50704,0.0,25
605,1049796.7999999998,-15956.011359999997,0.0,25
339,1049534.4,-15952.022879999999,0.0,25
499,1049206.4,-15947.037279999999,0.0,25
1173,1048714.4,-15939.558879999999,0.0,25
721,1047008.7999999999,-15913.633759999999,0.0,25
743,1046352.7999999999,-15903.662559999999,0.0,25
1292,1046254.3999999999,-15902.166879999999,0.0,25
1227,1046057.5999999999,-15899.175519999999,0.0,25
1413,1045827.9999999999,-15895.685599999999,0.0,25
288,1045696.7999999999,-15893.691359999999,0.0,25
72,1044909.5999999999,-15881.725919999999,0.0,25
1970,1044483.2,-15875.244639999999,0.0,25
1749,1044023.9999999999,-15868.264799999999,0.0,25
1420,1043761.5999999999,-15864.276319999999,0.0,25
949,1043761.5999999999,-15864.276319999999,0.0,25
1541,1042547.9999999999,-15845.8296,0.0,25
219,1042088.7999999999,-15838.84976,0.0,25
622,1042088.7999999999,-15838.84976,0.0,25
154,1041662.3999999999,-15832.36848,0.0,25
379,1041203.2,-15825.38864,0.0,25
1025,1040907.9999999999,-15820.9016,0.0,25
1296,1040875.2,-15820.40304,0.0,25
1654,1040120.7999999999,-15808.93616,0.0,25
1362,1039956.7999999999,-15806.44336,0.0,25
217,1039891.2,-15805.44624,0.0,25
106,1039300.7999999999,-15796.47216,0.0,25
1077,1038677.5999999999,-15786.999519999998,0.0,25
2076,1038611.9999999999,-15786.0024,0.0,25
1350,1038218.3999999999,-15780.01968,0.0,25
80,1037988.7999999999,-15776.52976,0.0,25
230,1037857.5999999999,-15774.535519999998,0.0,25
368,1037693.5999999999,-15772.042719999998,0.0,25
77,1037562.3999999999,-15770.04848,0.0,25
1441,1036742.3999999999,-15757.58448,0.0,25
1401,1036611.2,-15755.59024,0.0,25
1962,1036119.2,-15748.11184,0.0,25
1094,1034971.2,-15730.66224,0.0,25
1405,1034741.5999999999,-15727.172319999998,0.0,25
1521,1034610.3999999999,-15725.17808,0.0,25
515,1033954.3999999999,-15715.20688,0.0,25
1770,1033855.9999999999,-15713.711199999998,0.0,25
1199,1033232.7999999999,-15704.23856,0.0,25
396,1033232.7999999999,-15704.23856,0.0,25
910,1033068.7999999999,-15701.74576,0.0,25
1784,1032642.3999999999,-15695.26448,0.0,25
1412,1032248.7999999999,-15689.28176,0.0,25
457,1031231.9999999999,-15673.826399999998,0.0,25
275,1030379.2,-15660.86384,0.0,25
889,1030182.3999999999,-15657.872479999998,0.0,25
287,1030149.5999999999,-15657.373919999998,0.0,25
1481,1029559.2,-15648.39984,0.0,25
1088,1029460.7999999999,-15646.90416,0.0,25
1086,1028509.5999999999,-15632.445919999998,0.0,25
992,1028411.2,-15630.95024,0.0,25
1597,1028378.3999999999,-15630.451679999998,0.0,25
2023,1028115.9999999999,-15626.463199999998,0.0,25
1531,1027984.7999999999,-15624.46896,0.0,25
1652,1026508.7999999999,-15602.033759999998,0.0,25
1924,1026410.3999999999,-15600.538079999998,0.0,25
624,1025918.3999999999,-15593.059679999998,0.0,25
1904,1025918.3999999999,-15593.059679999998,0.0,25
90,1025852.7999999999,-15592.062559999998,0.0,25
755,1025787.2,-15591.06544,0.0,25
1122,1025623.2,-15588.57264,0.0,25
430,1024475.2,-15571.12304,0.0,25
250,1024475.2,-15571.12304,0.0,25
1099,1024442.3999999999,-15570.624479999999,0.0,25
1012,1024048.7999999999,-15564.641759999999,0.0,25
122,1023917.5999999999,-15562.647519999999,0.0,25
2000,1023884.7999999999,-15562.148959999999,0.0,25
276,1023819.2,-15561.15184,0.0,25
184,1023753.5999999999,-15560.154719999999,0.0,25
2013,1023523.9999999999,-15556.664799999999,0.0,25
1673,1023031.9999999999,-15549.186399999999,0.0,25
1991,1022802.3999999999,-15545.696479999999,0.0,25
633,1022605.5999999999,-15542.705119999999,0.0,25
1158,1021785.5999999999,-15530.241119999999,0.0,25
2052,1021031.2,-15518.774239999999,0.0,25
429,1020407.9999999999,-15509.301599999999,0.0,25
236,1020276.7999999999,-15507.307359999999,0.0,25
225,1019883.2,-15501.324639999999,0.0,25
1215,1019620.7999999999,-15497.336159999999,0.0,25
1756,1019391.2,-15493.846239999999,0.0,25
2071,1018275.9999999999,-15476.895199999999,0.0,25
716,1018243.2,-15476.396639999999,0.0,25
1369,1017947.9999999999,-15471.909599999999,0.0,25
1824,1017259.2,-15461.43984,0.0,25
1516,1017062.3999999999,-15458.44848,0.0,25
1800,1016931.2,-15456.45424,0.0,25
709,1016832.7999999999,-15454.95856,0.0,25
840,1016471.9999999999,-15449.4744,0.0,25
1402,1015947.2,-15441.49744,0.0,25
1902,1015487.9999999999,-15434.5176,0.0,25
843,1015487.9999999999,-15434.5176,0.0,25
1775,1015061.5999999999,-15428.036319999997,0.0,25
120,1014733.5999999999,-15423.050719999997,0.0,25
1170,1013716.7999999999,-15407.59536,0.0,25
18,1013290.3999999999,-15401.11408,0.0,25
1752,1013093.5999999999,-15398.122719999998,0.0,25
880,1012896.7999999999,-15395.13136,0.0,25
117,1012798.3999999999,-15393.63568,0.0,25
1131,1012765.5999999999,-15393.137119999998,0.0,25
2057,1012404.7999999999,-15387.65296,0.0,25
1820,1011355.2,-15371.69904,0.0,25
907,1011092.7999999999,-15367.71056,0.0,25
1435,1010863.2,-15364.22064,0.0,25
702,1010535.2,-15359.23504,0.0,25
698,1010371.2,-15356.74224,0.0,25
347,1010207.2,-15354.24944,0.0,25
944,1009059.2,-15336.79984,0.0,25
155,1009026.3999999999,-15336.30128,0.0,25
1218,1008468.7999999999,-15327.82576,0.0,25
1971,1007943.9999999999,-15319.848799999998,0.0,25
991,1007878.3999999999,-15318.85168,0.0,25
1210,1007386.3999999999,-15311.37328,0.0,25
782,1006894.3999999999,-15303.894879999998,0.0,25
1659,1006828.7999999999,-15302.89776,0.0,25
428,1006533.5999999999,-15298.410719999998,0.0,25
983,1006369.5999999999,-15295.917919999998,0.0,25
474,1005877.5999999999,-15288.439519999998,0.0,25
1019,1005647.9999999999,-15284.949599999998,0.0,25
135,1005549.5999999999,-15283.453919999998,0.0,25
2051,1005057.5999999999,-15275.975519999998,0.0,25
405,1004926.3999999999,-15273.981279999998,0.0,25
1393,1003286.3999999999,-15249.053279999998,0.0,25
634,1003089.5999999999,-15246.061919999998,0.0,25
439,1003056.7999999999,-15245.56336,0.0,25
9,1002203.9999999999,-15232.600799999998,0.0,25
372,1001515.2,-15222.13104,0.0,25
1990,1000891.9999999999,-15212.658399999998,0.0,25
685,1000662.3999999999,-15209.168479999998,0.0,25
206,1000399.9999999999,-15205.179999999998,0.0,25
600,999711.2,-15194.71024,0.0,25
1791,999055.2,-15184.73904,0.0,25
20,998595.9999999999,-15177.759199999999,0.0,25
1881,998530.3999999999,-15176.762079999999,0.0,25
2041,997972.7999999999,-15168.286559999999,0.0,25
1909,997841.5999999999,-15166.292319999999,0.0,25
821,997382.3999999999,-15159.312479999999,0.0,25
2061,997251.2,-15157.31824,0.0,25
69,997152.7999999999,-15155.822559999999,0.0,25
199,996824.7999999999,-15150.836959999999,0.0,25
1133,996726.3999999999,-15149.341279999999,0.0,25
1728,995709.5999999999,-15133.885919999999,0.0,25
1315,994791.2,-15119.926239999999,0.0,25
118,994659.9999999999,-15117.931999999999,0.0,25
692,994594.3999999999,-15116.934879999999,0.0,25
1238,994495.9999999999,-15115.439199999999,0.0,25
1114,994135.2,-15109.955039999999,0.0,25
1695,993872.7999999999,-15105.966559999999,0.0,25
1022,993675.9999999999,-15102.975199999999,0.0,25
1605,993675.9999999999,-15102.975199999999,0.0,25
544,993511.9999999999,-15100.482399999999,0.0,25
1284,993511.9999999999,-15100.482399999999,0.0,25
916,993085.5999999999,-15094.001119999999,0.0,25
1933,992724.7999999999,-15088.516959999999,0.0,25
1368,992396.7999999999,-15083.531359999999,0.0,25
344,992265.5999999999,-15081.537119999999,0.0,25
3,992134.3999999999,-15079.542879999999,0.0,25
114,991871.9999999999,-15075.554399999999,0.0,25
677,991642.3999999999,-15072.06448,0.0,25
84,991543.9999999999,-15070.5688,0.0,25
1920,991347.2,-15067.57744,0.0,25
1686,991183.2,-15065.08464,0.0,25
79,990559.9999999999,-15055.612,0.0,25
252,990330.3999999999,-15052.12208,0.0,25
2081,990231.9999999999,-15050.6264,0.0,25
1450,989411.9999999999,-15038.1624,0.0,25
1205,989215.2,-15035.17104,0.0,25
260,989018.3999999999,-15032.17968,0.0,25
464,988493.5999999999,-15024.202719999997,0.0,25
1757,988395.2,-15022.70704,0.0,25
444,988231.2,-15020.21424,0.0,25
659,987739.2,-15012.73584,0.0,25
1289,986853.5999999999,-14999.274719999998,0.0,25
1716,986820.7999999999,-14998.77616,0.0,25
1440,986656.7999999999,-14996.28336,0.0,25
922,986361.5999999999,-14991.796319999998,0.0,25
1539,986066.3999999999,-14987.30928,0.0,25
307,985869.5999999999,-14984.317919999998,0.0,25
1548,985344.7999999999,-14976.34096,0.0,25
1748,985180.7999999999,-14973.84816,0.0,25
1847,985115.2,-14972.85104,0.0,25
1239,983967.2,-14955.40144,0.0,25
1640,983376.7999999999,-14946.42736,0.0,25
1043,982819.2,-14937.95184,0.0,25
1534,982786.3999999999,-14937.45328,0.0,25
1003,982720.7999999999,-14936.45616,0.0,25
909,982589.5999999999,-14934.461919999998,0.0,25
1281,982458.3999999999,-14932.46768,0.0,25
1438,982392.7999999999,-14931.47056,0.0,25
136,981343.2,-14915.51664,0.0,25
1247,981277.5999999999,-14914.519519999998,0.0,25
1014,980195.2,-14898.06704,0.0,25
423,980031.2,-14895.57424,0.0,25
283,979834.3999999999,-14892.582879999998,0.0,25
1098,979604.7999999999,-14889.09296,0.0,25
547,979342.3999999999,-14885.104479999998,0.0,25
1352,979309.5999999999,-14884.605919999998,0.0,25
179,978915.9999999999,-14878.623199999998,0.0,25
1860,978194.3999999999,-14867.654879999998,0.0,25
1967,978128.7999999999,-14866.65776,0.0,25
960,977636.7999999999,-14859.17936,0.0,25
362,977603.9999999999,-14858.680799999998,0.0,25
451,977538.3999999999,-14857.683679999998,0.0,25
964,977407.2,-14855.68944,0.0,25
174,977374.3999999999,-14855.190879999998,0.0,25
518,975340.7999999999,-14824.280159999998,0.0,25
1169,974323.9999999999,-14808.824799999999,0.0,25
1426,974258.3999999999,-14807.827679999999,0.0,25
1973,974225.5999999999,-14807.329119999999,0.0,25
1838,974127.2,-14805.83344,0.0,25
645,974061.5999999999,-14804.836319999999,0.0,25
1834,973995.9999999999,-14803.839199999999,0.0,25
1249,973307.2,-14793.36944,0.0,25
1029,973110.3999999999,-14790.378079999999,0.0,25
14,972815.2,-14785.89104,0.0,25
824,972487.2,-14780.90544,0.0,25
1501,972191.9999999999,-14776.418399999999,0.0,25
251,971765.5999999999,-14769.937119999999,0.0,25
1956,971568.7999999999,-14766.945759999999,0.0,25
585,971109.5999999999,-14759.965919999999,0.0,25
641,970912.7999999999,-14756.974559999999,0.0,25
1419,970617.5999999999,-14752.487519999999,0.0,25
373,970617.5999999999,-14752.487519999999,0.0,25
932,970551.9999999999,-14751.490399999999,0.0,25
140,970387.9999999999,-14748.997599999999,0.0,25
988,970355.2,-14748.499039999999,0.0,25
1620,970322.3999999999,-14748.000479999999,0.0,25
793,969436.7999999999,-14734.539359999999,0.0,25
198,969207.2,-14731.049439999999,0.0,25
239,969141.5999999999,-14730.052319999999,0.0,25
591,968288.7999999999,-14717.089759999999,0.0,25
1051,967435.9999999999,-14704.127199999999,0.0,25
841,967173.5999999999,-14700.138719999999,0.0,25
1758,966911.2,-14696.150239999999,0.0,25
195,966517.5999999999,-14690.167519999999,0.0,25
1430,966222.3999999999,-14685.680479999999,0.0,25
1295,965828.7999999999,-14679.69776,0.0,25
1470,965599.2,-14676.20784,0.0,25
318,965139.9999999999,-14669.228,0.0,25
1406,965139.9999999999,-14669.228,0.0,25
1569,964811.9999999999,-14664.2424,0.0,25
563,964451.2,-14658.75824,0.0,25
885,963959.2,-14651.27984,0.0,25
150,963795.2,-14648.78704,0.0,25
1556,963762.3999999999,-14648.28848,0.0,25
876,963237.5999999999,-14640.311519999997,0.0,25
1634,963171.9999999999,-14639.3144,0.0,25
1888,962712.7999999999,-14632.33456,0.0,25
1331,962155.2,-14623.85904,0.0,25
1033,961564.7999999999,-14614.88496,0.0,25
349,960974.3999999999,-14605.91088,0.0,25
92,960646.3999999999,-14600.92528,0.0,25
2054,960285.5999999999,-14595.441119999998,0.0,25
524,959859.2,-14588.95984,0.0,25
1495,959859.2,-14588.95984,0.0,25
1819,959695.2,-14586.46704,0.0,25
1511,959695.2,-14586.46704,0.0,25
1685,959367.2,-14581.48144,0.0,25
1039,958940.7999999999,-14575.00016,0.0,25
1946,958350.3999999999,-14566.02608,0.0,25
1925,958251.9999999999,-14564.530399999998,0.0,25
274,958120.7999999999,-14562.53616,0.0,25
1483,957891.2,-14559.04624,0.0,25
1985,957792.7999999999,-14557.55056,0.0,25
1642,957464.7999999999,-14552.56496,0.0,25
533,957399.2,-14551.56784,0.0,25
1683,957005.5999999999,-14545.585119999998,0.0,25
867,957005.5999999999,-14545.585119999998,0.0,25
2,956316.7999999999,-14535.11536,0.0,25
264,955529.5999999999,-14523.149919999998,0.0,25
496,955201.5999999999,-14518.164319999998,0.0,25
1303,955201.5999999999,-14518.164319999998,0.0,25
480,954020.7999999999,-14500.21616,0.0,25
1619,954020.7999999999,-14500.21616,0.0,25
2072,953266.3999999999,-14488.749279999998,0.0,25
1629,952839.9999999999,-14482.267999999998,0.0,25
1710,951888.7999999999,-14467.80976,0.0,25
1911,951560.7999999999,-14462.82416,0.0,25
542,951495.2,-14461.82704,0.0,25
609,951462.3999999999,-14461.328479999998,0.0,25
1693,951429.5999999999,-14460.829919999998,0.0,25
1520,951331.2,-14459.33424,0.0,25
1030,951035.9999999999,-14454.847199999998,0.0,25
1339,950937.5999999999,-14453.351519999998,0.0,25
1046,950773.5999999999,-14450.858719999998,0.0,25
1381,949723.9999999999,-14434.904799999998,0.0,25
837,949494.3999999999,-14431.414879999998,0.0,25
173,949002.3999999999,-14423.936479999998,0.0,25
1952,948674.3999999999,-14418.950879999999,0.0,25
1168,947821.5999999999,-14405.988319999999,0.0,25
1706,947493.5999999999,-14401.002719999999,0.0,25
256,947427.9999999999,-14400.005599999999,0.0,25
65,947132.7999999999,-14395.518559999999,0.0,25
807,946804.7999999999,-14390.532959999999,0.0,25
1929,946214.3999999999,-14381.558879999999,0.0,25
839,946181.5999999999,-14381.060319999999,0.0,25
744,946017.5999999999,-14378.567519999999,0.0,25
560,944771.2,-14359.622239999999,0.0,25
1720,944541.5999999999,-14356.132319999999,0.0,25
1987,944279.2,-14352.143839999999,0.0,25
844,943951.2,-14347.158239999999,0.0,25
1570,943393.5999999999,-14338.682719999999,0.0,25
1864,943295.2,-14337.187039999999,0.0,25
2036,942409.5999999999,-14323.725919999999,0.0,25
360,941458.3999999999,-14309.267679999999,0.0,25
1519,941425.5999999999,-14308.769119999999,0.0,25
1397,940671.2,-14297.302239999999,0.0,25
164,939818.3999999999,-14284.33968,0.0,25
906,938637.6,-14266.39152,0.0,25
1623,938506.3999999999,-14264.39728,0.0,25
639,938407.9999999999,-14262.9016,0.0,25
1211,937522.3999999999,-14249.44048,0.0,25
273,937259.9999999999,-14245.452,0.0,25
2042,936702.3999999999,-14236.97648,0.0,25
1870,936144.7999999999,-14228.50096,0.0,25
2045,936079.2,-14227.50384,0.0,25
935,935587.2,-14220.02544,0.0,25
322,935488.7999999999,-14218.52976,0.0,25
1261,935160.7999999999,-14213.54416,0.0,25
606,934832.7999999999,-14208.55856,0.0,25
511,934471.9999999999,-14203.074399999998,0.0,25
689,934340.7999999999,-14201.08016,0.0,25
399,934143.9999999999,-14198.088799999998,0.0,25
1312,934111.2,-14197.59024,0.0,25
587,933159.9999999999,-14183.131999999998,0.0,25
1118,932536.7999999999,-14173.65936,0.0,25
822,932307.2,-14170.16944,0.0,25
611,932044.7999999999,-14166.18096,0.0,25
931,931979.2,-14165.18384,0.0,25
166,931585.6,-14159.20112,0.0,25
185,930535.9999999999,-14143.247199999998,0.0,25
1207,929879.9999999999,-14133.275999999998,0.0,25
1957,929847.2,-14132.77744,0.0,25
1293,929387.9999999999,-14125.797599999998,0.0,25
534,929125.6,-14121.80912,0.0,25
2085,928600.7999999999,-14113.83216,0.0,25
915,928535.2,-14112.83504,0.0,25
1636,927879.2,-14102.86384,0.0,25
1856,927649.6,-14099.37392,0.0,25
531,927616.7999999999,-14098.87536,0.0,25
1466,926698.3999999999,-14084.915679999998,0.0,25
1349,926534.3999999999,-14082.422879999998,0.0,25
498,926009.6,-14074.44592,0.0,25
1325,925747.2,-14070.45744,0.0,25
1479,925123.9999999999,-14060.984799999998,0.0,25
190,924861.6,-14056.99632,0.0,25
1577,924566.3999999999,-14052.509279999998,0.0,25
325,923811.9999999999,-14041.042399999998,0.0,25
1223,923451.2,-14035.55824,0.0,25
1574,923319.9999999999,-14033.563999999998,0.0,25
1639,923319.9999999999,-14033.563999999998,0.0,25
2064,923287.2,-14033.06544,0.0,25
631,922434.3999999999,-14020.102879999999,0.0,25
1253,922368.7999999999,-14019.105759999999,0.0,25
1778,922335.9999999999,-14018.607199999999,0.0,25
674,922073.6,-14014.61872,0.0,25
980,922040.7999999999,-14014.120159999999,0.0,25
1866,921975.2,-14013.12304,0.0,25
1880,921647.2,-14008.13744,0.0,25
1711,921155.2,-14000.65904,0.0,25
1836,921122.3999999999,-14000.160479999999,0.0,25
1553,921023.9999999999,-13998.664799999999,0.0,25
903,920728.7999999999,-13994.177759999999,0.0,25
1155,919810.3999999999,-13980.218079999999,0.0,25
559,919482.3999999999,-13975.232479999999,0.0,25
1626,919318.3999999999,-13972.739679999999,0.0,25
447,918793.6,-13964.76272,0.0,25
1254,918629.6,-13962.26992,0.0,25
376,918531.2,-13960.774239999999,0.0,25
50,918498.3999999999,-13960.275679999999,0.0,25
1743,918235.9999999999,-13956.287199999999,0.0,25
160,918170.3999999999,-13955.290079999999,0.0,25
706,917579.9999999999,-13946.315999999999,0.0,25
1137,917284.7999999999,-13941.828959999999,0.0,25
1491,916202.3999999999,-13925.376479999999,0.0,25
1704,915841.6,-13919.89232,0.0,25
2007,915611.9999999999,-13916.402399999999,0.0,25
1332,914562.3999999999,-13900.44848,0.0,25
1490,914103.2,-13893.46864,0.0,25
197,913709.6,-13887.48592,0.0,25
1492,913086.3999999999,-13878.01328,0.0,25
1418,912659.9999999999,-13871.532,0.0,25
1112,911610.3999999999,-13855.57808,0.0,25
612,911380.7999999999,-13852.08816,0.0,25
1573,911380.7999999999,-13852.08816,0.0,25
1536,910790.3999999999,-13843.11408,0.0,25
1266,910626.3999999999,-13840.62128,0.0,25
30,910495.2,-13838.62704,0.0,25
1599,909707.9999999999,-13826.6616,0.0,25
2019,909445.6,-13822.67312,0.0,25
1524,909084.7999999999,-13817.18896,0.0,25
937,908527.2,-13808.71344,0.0,25
1844,908494.3999999999,-13808.21488,0.0,25
1905,908494.3999999999,-13808.21488,0.0,25
404,908264.7999999999,-13804.72496,0.0,25
545,908166.3999999999,-13803.22928,0.0,25
1060,907608.7999999999,-13794.75376,0.0,25
1999,907575.9999999999,-13794.255199999998,0.0,25
920,907313.6,-13790.26672,0.0,25
1071,906755.9999999999,-13781.791199999998,0.0,25
1182,906690.3999999999,-13780.79408,0.0,25
1688,905968.7999999999,-13769.82576,0.0,25
116,905935.9999999999,-13769.327199999998,0.0,25
1087,905476.7999999999,-13762.34736,0.0,25
1031,904984.7999999999,-13754.86896,0.0,25
193,903738.3999999999,-13735.923679999998,0.0,25
1135,903738.3999999999,-13735.923679999998,0.0,25
1812,903705.6,-13735.42512,0.0,25
1275,903541.6,-13732.93232,0.0,25
1975,903147.9999999999,-13726.949599999998,0.0,25
643,902983.9999999999,-13724.456799999998,0.0,25
2001,902491.9999999999,-13716.978399999998,0.0,25
73,902196.7999999999,-13712.49136,0.0,25
1320,901507.9999999999,-13702.021599999998,0.0,25
1310,901376.7999999999,-13700.02736,0.0,25
1530,901048.7999999999,-13695.04176,0.0,25
765,900753.6,-13690.55472,0.0,25
472,899769.6,-13675.59792,0.0,25
1274,899408.7999999999,-13670.11376,0.0,25
993,899375.9999999999,-13669.615199999998,0.0,25
87,899277.6,-13668.11952,0.0,25
1643,898949.6,-13663.13392,0.0,25
1317,898883.9999999999,-13662.136799999998,0.0,25
1474,898654.3999999999,-13658.646879999998,0.0,25
271,898523.2,-13656.65264,0.0,25
1785,898424.7999999999,-13655.156959999998,0.0,25
589,898063.9999999999,-13649.672799999998,0.0,25
1576,897899.9999999999,-13647.179999999998,0.0,25
1646,897407.9999999999,-13639.701599999999,0.0,25
168,896948.7999999999,-13632.721759999999,0.0,25
715,896128.7999999999,-13620.257759999999,0.0,25
1660,895964.7999999999,-13617.764959999999,0.0,25
865,895472.7999999999,-13610.286559999999,0.0,25
1196,895341.6,-13608.29232,0.0,25
1489,895177.6,-13605.79952,0.0,25
1767,894783.9999999999,-13599.816799999999,0.0,25
247,894619.9999999999,-13597.323999999999,0.0,25
95,893865.6,-13585.85712,0.0,25
2069,893537.6,-13580.87152,0.0,25
52,893275.2,-13576.883039999999,0.0,25
1764,892914.3999999999,-13571.398879999999,0.0,25
2016,892783.2,-13569.404639999999,0.0,25
1747,892258.3999999999,-13561.427679999999,0.0,25
1054,892225.6,-13560.92912,0.0,25
1655,891930.3999999999,-13556.442079999999,0.0,25
703,891766.3999999999,-13553.949279999999,0.0,25
1403,891733.6,-13553.45072,0.0,25
974,891471.2,-13549.462239999999,0.0,25
690,890913.6,-13540.98672,0.0,25
1892,890519.9999999999,-13535.003999999999,0.0,25
826,890159.2,-13529.519839999999,0.0,25
1798,889798.3999999999,-13524.035679999999,0.0,25
522,889699.9999999999,-13522.539999999999,0.0,25
1593,889109.6,-13513.56592,0.0,25
2075,889011.2,-13512.07024,0.0,25
6,888879.9999999999,-13510.076,0.0,25
297,888715.9999999999,-13507.5832,0.0,25
1996,888191.2,-13499.60624,0.0,25
286,888125.6,-13498.60912,0.0,25
1340,888059.9999999999,-13497.612,0.0,25
382,887633.6,-13491.13072,0.0,25
1443,887535.2,-13489.63504,0.0,25
1404,887436.7999999999,-13488.13936,0.0,25
387,887239.9999999999,-13485.148,0.0,25
1245,884943.9999999999,-13450.2488,0.0,25
1217,884812.7999999999,-13448.25456,0.0,25
936,884123.9999999999,-13437.7848,0.0,25
742,882910.3999999999,-13419.33808,0.0,25
96,882647.9999999999,-13415.349599999998,0.0,25
567,881991.9999999999,-13405.378399999998,0.0,25
1537,881827.9999999999,-13402.885599999998,0.0,25
70,881598.3999999999,-13399.39568,0.0,25
586,880384.7999999999,-13380.94896,0.0,25
1557,880286.3999999999,-13379.45328,0.0,25
951,880253.6,-13378.95472,0.0,25
1142,880187.9999999999,-13377.957599999998,0.0,25
319,879433.6,-13366.49072,0.0,25
1910,879138.3999999999,-13362.00368,0.0,25
697,878908.7999999999,-13358.51376,0.0,25
1625,878252.7999999999,-13348.54256,0.0,25
800,877760.7999999999,-13341.06416,0.0,25
427,875989.6,-13314.14192,0.0,25
1032,875595.9999999999,-13308.159199999998,0.0,25
773,875497.6,-13306.66352,0.0,25
1690,875464.7999999999,-13306.16496,0.0,25
132,875136.7999999999,-13301.17936,0.0,25
1727,874775.9999999999,-13295.695199999998,0.0,25
565,874743.2,-13295.19664,0.0,25
455,873004.7999999999,-13268.772959999998,0.0,25
365,872939.2,-13267.77584,0.0,25
1186,872742.3999999999,-13264.784479999998,0.0,25
1298,872447.2,-13260.29744,0.0,25
342,872381.6,-13259.30032,0.0,25
1603,872250.3999999999,-13257.306079999998,0.0,25
466,872217.6,-13256.80752,0.0,25
333,871955.2,-13252.81904,0.0,25
1768,871463.2,-13245.34064,0.0,25
694,870085.6,-13224.40112,0.0,25
767,870019.9999999999,-13223.403999999999,0.0,25
317,870019.9999999999,-13223.403999999999,0.0,25
1612,870019.9999999999,-13223.403999999999,0.0,25
1163,868478.3999999999,-13199.971679999999,0.0,25
878,868051.9999999999,-13193.490399999999,0.0,25
1013,867789.6,-13189.50192,0.0,25
1854,867527.2,-13185.513439999999,0.0,25
1721,867461.6,-13184.51632,0.0,25
676,867330.3999999999,-13182.522079999999,0.0,25
1549,867231.9999999999,-13181.026399999999,0.0,25
731,866444.7999999999,-13169.060959999999,0.0,25
35,864837.6,-13144.63152,0.0,25
1208,864148.7999999999,-13134.161759999999,0.0,25
1178,864050.3999999999,-13132.666079999999,0.0,25
2002,863492.7999999999,-13124.19056,0.0,25
1898,863394.3999999999,-13122.69488,0.0,25
476,863295.9999999999,-13121.1992,0.0,25
1299,863099.2,-13118.20784,0.0,25
1648,862279.2,-13105.74384,0.0,25
1575,861918.3999999999,-13100.25968,0.0,25
1762,861918.3999999999,-13100.25968,0.0,25
739,861491.9999999999,-13093.7784,0.0,25
1152,861065.6,-13087.29712,0.0,25
1746,860967.2,-13085.80144,0.0,25
872,860278.3999999999,-13075.33168,0.0,25
1858,859753.6,-13067.35472,0.0,25
1564,859261.6,-13059.87632,0.0,25
1610,858966.3999999999,-13055.38928,0.0,25
827,858671.2,-13050.90224,0.0,25
242,858474.3999999999,-13047.91088,0.0,25
2026,857785.6,-13037.44112,0.0,25
16,856998.3999999999,-13025.47568,0.0,25
2009,856965.6,-13024.97712,0.0,25
1874,856834.3999999999,-13022.98288,0.0,25
2067,856768.7999999999,-13021.98576,0.0,25
1319,856670.3999999999,-13020.49008,0.0,25
497,856440.7999999999,-13017.00016,0.0,25
172,856375.2,-13016.00304,0.0,25
1272,855686.3999999999,-13005.53328,0.0,25
1583,855620.7999999999,-13004.53616,0.0,25
1608,855358.3999999999,-13000.54768,0.0,25
12,854899.2,-12993.56784,0.0,25
913,854767.9999999999,-12991.573599999998,0.0,25
603,854505.6,-12987.58512,0.0,25
1498,853947.9999999999,-12979.109599999998,0.0,25
584,853619.9999999999,-12974.123999999998,0.0,25
402,852504.7999999999,-12957.17296,0.0,25
984,852471.9999999999,-12956.674399999998,0.0,25
1171,852275.2,-12953.68304,0.0,25
1326,851520.7999999999,-12942.21616,0.0,25
1297,851258.3999999999,-12938.227679999998,0.0,25
257,850503.9999999999,-12926.760799999998,0.0,25
253,850471.2,-12926.26224,0.0,25
734,850471.2,-12926.26224,0.0,25
115,849979.2,-12918.78384,0.0,25
555,849880.7999999999,-12917.28816,0.0,25
1231,849815.2,-12916.29104,0.0,25
358,848568.7999999999,-12897.34576,0.0,25
1213,848503.2,-12896.34864,0.0,25
818,848503.2,-12896.34864,0.0,25
1506,847781.6,-12885.38032,0.0,25
1047,847781.6,-12885.38032,0.0,25
1294,847748.7999999999,-12884.881759999998,0.0,25
1679,846994.3999999999,-12873.414879999998,0.0,25
1584,846338.3999999999,-12863.443679999998,0.0,25
145,846272.7999999999,-12862.446559999998,0.0,25
448,845879.2,-12856.46384,0.0,25
1865,845387.2,-12848.98544,0.0,25
1209,845059.2,-12843.99984,0.0,25
1484,844796.7999999999,-12840.011359999999,0.0,25
1579,844534.3999999999,-12836.022879999999,0.0,25
1467,843484.7999999999,-12820.068959999999,0.0,25
2093,843419.2,-12819.07184,0.0,25
857,843320.7999999999,-12817.576159999999,0.0,25
1183,843255.2,-12816.57904,0.0,25
714,842697.6,-12808.10352,0.0,25
598,842336.7999999999,-12802.619359999999,0.0,25
1810,842074.3999999999,-12798.630879999999,0.0,25
182,842074.3999999999,-12798.630879999999,0.0,25
446,842008.7999999999,-12797.633759999999,0.0,25
1330,840729.6,-12778.18992,0.0,25
1914,840007.9999999999,-12767.221599999999,0.0,25
1273,839975.2,-12766.723039999999,0.0,25
76,839647.2,-12761.737439999999,0.0,25
33,839647.2,-12761.737439999999,0.0,25
1175,839253.6,-12755.75472,0.0,25
156,839187.9999999999,-12754.757599999999,0.0,25
1949,838794.3999999999,-12748.774879999999,0.0,25
806,838564.7999999999,-12745.284959999999,0.0,25
1445,838433.6,-12743.29072,0.0,25
1514,838007.2,-12736.809439999999,0.0,25
403,837908.7999999999,-12735.31376,0.0,25
1708,837219.9999999999,-12724.844,0.0,25
1358,837023.2,-12721.85264,0.0,25
682,836924.7999999999,-12720.35696,0.0,25
836,836596.7999999999,-12715.37136,0.0,25
1283,836531.2,-12714.37424,0.0,25
2025,836465.6,-12713.37712,0.0,25
1414,835055.2,-12691.93904,0.0,25
529,833480.7999999999,-12668.00816,0.0,25
11,833054.3999999999,-12661.52688,0.0,25
167,832955.9999999999,-12660.0312,0.0,25
1428,832037.6,-12646.07152,0.0,25
786,831906.3999999999,-12644.07728,0.0,25
1705,831676.7999999999,-12640.58736,0.0,25
671,831414.3999999999,-12636.59888,0.0,25
343,831381.6,-12636.10032,0.0,25
512,831119.2,-12632.11184,0.0,25
394,830561.6,-12623.63632,0.0,25
1724,830233.6,-12618.65072,0.0,25
1550,829577.6,-12608.67952,0.0,25
550,828495.2,-12592.22704,0.0,25
686,828363.9999999999,-12590.232799999998,0.0,25
608,828068.7999999999,-12585.74576,0.0,25
60,827215.9999999999,-12572.783199999998,0.0,25
626,826822.3999999999,-12566.800479999998,0.0,25
683,826658.3999999999,-12564.307679999998,0.0,25
1188,826166.3999999999,-12556.829279999998,0.0,25
1008,825903.9999999999,-12552.840799999998,0.0,25
539,824821.6,-12536.38832,0.0,25
888,824690.3999999999,-12534.394079999998,0.0,25
1779,824395.2,-12529.90704,0.0,25
281,824263.9999999999,-12527.912799999998,0.0,25
216,823935.9999999999,-12522.927199999998,0.0,25
2018,823935.9999999999,-12522.927199999998,0.0,25
1302,823870.3999999999,-12521.930079999998,0.0,25
255,823804.7999999999,-12520.93296,0.0,25
1062,823017.6,-12508.96752,0.0,25
1982,822066.3999999999,-12494.509279999998,0.0,25
745,821836.7999999999,-12491.019359999998,0.0,25
678,821771.2,-12490.02224,0.0,25
779,821705.6,-12489.02512,0.0,25
680,821508.7999999999,-12486.033759999998,0.0,25
794,821344.7999999999,-12483.540959999998,0.0,25
1084,821147.9999999999,-12480.549599999998,0.0,25
1526,820065.6,-12464.09712,0.0,25
487,820032.7999999999,-12463.598559999999,0.0,25
892,819835.9999999999,-12460.607199999999,0.0,25
1345,819442.3999999999,-12454.624479999999,0.0,25
1638,818950.3999999999,-12447.146079999999,0.0,25
1772,818556.7999999999,-12441.163359999999,0.0,25
231,818294.3999999999,-12437.174879999999,0.0,25
43,817572.7999999999,-12426.206559999999,0.0,25
1725,817047.9999999999,-12418.229599999999,0.0,25
2029,816949.6,-12416.73392,0.0,25
713,815899.9999999999,-12400.779999999999,0.0,25
934,815735.9999999999,-12398.287199999999,0.0,25
418,814391.2,-12377.846239999999,0.0,25
1150,813899.2,-12370.367839999999,0.0,25
1644,811143.9999999999,-12328.4888,0.0,25
1843,810455.2,-12318.01904,0.0,25
27,809175.9999999999,-12298.5752,0.0,25
1416,809143.2,-12298.07664,0.0,25
1058,808191.9999999999,-12283.6184,0.0,25
243,807896.7999999999,-12279.13136,0.0,25
1547,806387.9999999999,-12256.197599999998,0.0,25
630,806289.6,-12254.70192,0.0,25
908,805797.6,-12247.22352,0.0,25
669,805633.6,-12244.73072,0.0,25
1733,804846.3999999999,-12232.76528,0.0,25
926,804747.9999999999,-12231.269599999998,0.0,25
614,804715.2,-12230.77104,0.0,25
513,804419.9999999999,-12226.283999999998,0.0,25
401,804190.3999999999,-12222.79408,0.0,25
147,804157.6,-12222.29552,0.0,25
1919,804026.3999999999,-12220.30128,0.0,25
985,803468.7999999999,-12211.82576,0.0,25
1546,802976.7999999999,-12204.34736,0.0,25
1877,802353.6,-12194.87472,0.0,25
123,801927.2,-12188.39344,0.0,25
1436,801763.2,-12185.90064,0.0,25
1755,801369.6,-12179.91792,0.0,25
222,800844.7999999999,-12171.94096,0.0,25
141,800779.2,-12170.94384,0.0,25
1127,800024.7999999999,-12159.47696,0.0,25
138,799565.6,-12152.49712,0.0,25
2073,799270.3999999999,-12148.010079999998,0.0,25
1677,798942.3999999999,-12143.024479999998,0.0,25
899,798909.6,-12142.52592,0.0,25
1801,798843.9999999999,-12141.528799999998,0.0,25
2074,798679.9999999999,-12139.035999999998,0.0,25
128,798384.7999999999,-12134.54896,0.0,25
875,796613.6,-12107.62672,0.0,25
2053,796383.9999999999,-12104.136799999998,0.0,25
1528,795924.7999999999,-12097.156959999998,0.0,25
289,795563.9999999999,-12091.672799999998,0.0,25
783,795432.7999999999,-12089.678559999998,0.0,25
1400,795039.2,-12083.69584,0.0,25
19,795039.2,-12083.69584,0.0,25
467,794317.6,-12072.72752,0.0,25
1453,793595.9999999999,-12061.759199999999,0.0,25
797,793136.7999999999,-12054.779359999999,0.0,25
1035,792743.2,-12048.79664,0.0,25
1068,792546.3999999999,-12045.805279999999,0.0,25
540,792382.3999999999,-12043.312479999999,0.0,25
475,792251.2,-12041.31824,0.0,25
374,792021.6,-12037.82832,0.0,25
1823,791955.9999999999,-12036.831199999999,0.0,25
778,791037.6,-12022.87152,0.0,25
661,790512.7999999999,-12014.894559999999,0.0,25
1664,790315.9999999999,-12011.903199999999,0.0,25
165,789725.6,-12002.92912,0.0,25
1976,789561.6,-12000.43632,0.0,25
504,789528.7999999999,-11999.937759999999,0.0,25
776,789331.9999999999,-11996.946399999999,0.0,25
710,788872.7999999999,-11989.966559999999,0.0,25
303,787724.7999999999,-11972.516959999999,0.0,25
700,787659.2,-11971.519839999999,0.0,25
835,787527.9999999999,-11969.525599999999,0.0,25
723,787167.2,-11964.041439999999,0.0,25
581,786773.6,-11958.058719999999,0.0,25
1897,786642.3999999999,-11956.06448,0.0,25
2049,786609.6,-11955.56592,0.0,25
204,785986.3999999999,-11946.09328,0.0,25
234,785920.7999999999,-11945.09616,0.0,25
187,785723.9999999999,-11942.1048,0.0,25
1177,785395.9999999999,-11937.1192,0.0,25
46,785231.9999999999,-11934.6264,0.0,25
417,784936.7999999999,-11930.13936,0.0,25
254,784903.9999999999,-11929.6408,0.0,25
2020,784444.7999999999,-11922.66096,0.0,25
1166,783919.9999999999,-11914.684,0.0,25
1126,783657.6,-11910.69552,0.0,25
1181,783165.6,-11903.21712,0.0,25
1657,782935.9999999999,-11899.7272,0.0,25
1333,782247.2,-11889.25744,0.0,25
1338,781459.9999999999,-11877.292,0.0,25
508,780836.7999999999,-11867.81936,0.0,25
1901,780705.6,-11865.82512,0.0,25
1235,780082.3999999999,-11856.35248,0.0,25
965,779688.7999999999,-11850.36976,0.0,25
809,779426.3999999999,-11846.38128,0.0,25
1580,779327.9999999999,-11844.885599999998,0.0,25
1988,779327.9999999999,-11844.885599999998,0.0,25
23,779229.6,-11843.38992,0.0,25
1017,779131.2,-11841.89424,0.0,25
1533,779131.2,-11841.89424,0.0,25
2100,779065.6,-11840.89712,0.0,25
802,778147.2,-11826.93744,0.0,25
1958,777720.7999999999,-11820.45616,0.0,25
1277,777589.6,-11818.46192,0.0,25
593,776900.7999999999,-11807.99216,0.0,25
777,776769.6,-11805.99792,0.0,25
1512,775523.2,-11787.05264,0.0,25
704,775162.3999999999,-11781.568479999998,0.0,25
1341,775096.7999999999,-11780.57136,0.0,25
461,774014.3999999999,-11764.118879999998,0.0,25
962,773719.2,-11759.63184,0.0,25
673,773063.2,-11749.66064,0.0,25
792,772538.3999999999,-11741.683679999998,0.0,25
1148,772308.7999999999,-11738.19376,0.0,25
22,771587.2,-11727.22544,0.0,25
740,770439.2,-11709.77584,0.0,25
1631,770209.6,-11706.28592,0.0,25
1234,770045.6,-11703.79312,0.0,25
1488,769848.7999999999,-11700.801759999998,0.0,25
784,769061.6,-11688.83632,0.0,25
1,768438.3999999999,-11679.363679999999,0.0,25
328,768241.6,-11676.37232,0.0,25
1149,767519.9999999999,-11665.403999999999,0.0,25
441,767388.7999999999,-11663.409759999999,0.0,25
163,765814.3999999999,-11639.478879999999,0.0,25
1835,765551.9999999999,-11635.490399999999,0.0,25
638,764535.2,-11620.035039999999,0.0,25
1740,764535.2,-11620.035039999999,0.0,25
1805,764305.6,-11616.54512,0.0,25
98,764141.6,-11614.05232,0.0,25
1964,764010.3999999999,-11612.058079999999,0.0,25
180,763780.7999999999,-11608.568159999999,0.0,25
1367,763485.6,-11604.08112,0.0,25
1825,763452.7999999999,-11603.582559999999,0.0,25
1104,762993.6,-11596.60272,0.0,25
1684,762632.7999999999,-11591.118559999999,0.0,25
679,761943.9999999999,-11580.648799999999,0.0,25
1452,761648.7999999999,-11576.161759999999,0.0,25
883,761222.3999999999,-11569.680479999999,0.0,25
103,760795.9999999999,-11563.1992,0.0,25
1781,760664.7999999999,-11561.20496,0.0,25
1085,760566.3999999999,-11559.70928,0.0,25
1830,759975.9999999999,-11550.7352,0.0,25
1410,759352.7999999999,-11541.26256,0.0,25
1167,759319.9999999999,-11540.764,0.0,25
942,759155.9999999999,-11538.2712,0.0,25
1876,759057.6,-11536.77552,0.0,25
332,758335.9999999999,-11525.8072,0.0,25
998,757942.3999999999,-11519.82448,0.0,25
825,757679.9999999999,-11515.836,0.0,25
1105,756531.9999999999,-11498.3864,0.0,25
538,755679.2,-11485.42384,0.0,25
1682,755449.6,-11481.93392,0.0,25
280,755121.6,-11476.94832,0.0,25
1141,754990.3999999999,-11474.95408,0.0,25
1951,754039.2,-11460.49584,0.0,25
1794,753612.7999999999,-11454.01456,0.0,25
17,753350.3999999999,-11450.02608,0.0,25
520,752956.7999999999,-11444.04336,0.0,25
1992,752727.2,-11440.55344,0.0,25
1586,752595.9999999999,-11438.559199999998,0.0,25
1578,752431.9999999999,-11436.066399999998,0.0,25
886,752300.7999999999,-11434.07216,0.0,25
1348,751447.9999999999,-11421.109599999998,0.0,25
83,751218.3999999999,-11417.61968,0.0,25
1322,750988.7999999999,-11414.12976,0.0,25
1592,750726.3999999999,-11410.14128,0.0,25
1735,750234.3999999999,-11402.662879999998,0.0,25
385,749873.6,-11397.17872,0.0,25
1628,749709.6,-11394.68592,0.0,25
982,749447.2,-11390.69744,0.0,25
923,748430.3999999999,-11375.242079999998,0.0,25
465,747446.3999999999,-11360.285279999998,0.0,25
1936,747347.9999999999,-11358.789599999998,0.0,25
578,747249.6,-11357.29392,0.0,25
1808,747183.9999999999,-11356.296799999998,0.0,25
313,747085.6,-11354.80112,0.0,25
1852,746593.6,-11347.32272,0.0,25
127,746331.2,-11343.33424,0.0,25
304,744789.6,-11319.90192,0.0,25
237,743543.2,-11300.95664,0.0,25
553,743346.3999999999,-11297.965279999999,0.0,25
1984,742952.7999999999,-11291.982559999999,0.0,25
1591,742723.2,-11288.49264,0.0,25
791,742657.6,-11287.49552,0.0,25
514,742427.9999999999,-11284.005599999999,0.0,25
707,741739.2,-11273.53584,0.0,25
1796,741640.7999999999,-11272.040159999999,0.0,25
833,741017.6,-11262.56752,0.0,25
956,740919.2,-11261.07184,0.0,25
647,740820.7999999999,-11259.576159999999,0.0,25
930,740525.6,-11255.08912,0.0,25
192,740295.9999999999,-11251.599199999999,0.0,25
629,740099.2,-11248.607839999999,0.0,25
188,740033.6,-11247.61072,0.0,25
1228,739738.3999999999,-11243.123679999999,0.0,25
1827,739639.9999999999,-11241.627999999999,0.0,25
1700,738131.2,-11218.694239999999,0.0,25
1179,738098.3999999999,-11218.195679999999,0.0,25
579,737737.6,-11212.71152,0.0,25
1189,737278.3999999999,-11205.731679999999,0.0,25
1595,737147.2,-11203.737439999999,0.0,25
101,736294.3999999999,-11190.774879999999,0.0,25
330,736228.7999999999,-11189.777759999999,0.0,25
397,734916.7999999999,-11169.83536,0.0,25
2040,733703.2,-11151.38864,0.0,25
901,733276.7999999999,-11144.90736,0.0,25
1741,733276.7999999999,-11144.90736,0.0,25
663,732587.9999999999,-11134.4376,0.0,25
898,732063.2,-11126.46064,0.0,25
1797,731177.6,-11112.99952,0.0,25
479,731177.6,-11112.99952,0.0,25
458,731111.9999999999,-11112.0024,0.0,25
367,730783.9999999999,-11107.0168,0.0,25
340,730127.9999999999,-11097.0456,0.0,25
1505,729209.6,-11083.08592,0.0,25
1020,729176.7999999999,-11082.58736,0.0,25
1861,729045.6,-11080.59312,0.0,25
1912,728487.9999999999,-11072.117599999998,0.0,25
602,728291.2,-11069.12624,0.0,25
1493,727241.6,-11053.17232,0.0,25
81,726618.3999999999,-11043.69968,0.0,25
1813,726257.6,-11038.21552,0.0,25
369,725634.3999999999,-11028.74288,0.0,25
752,725568.7999999999,-11027.74576,0.0,25
2017,725404.7999999999,-11025.25296,0.0,25
772,725076.7999999999,-11020.26736,0.0,25
1394,724912.7999999999,-11017.77456,0.0,25
1200,724847.2,-11016.77744,0.0,25
1907,724584.7999999999,-11012.78896,0.0,25
564,724453.6,-11010.79472,0.0,25
1192,724223.9999999999,-11007.304799999998,0.0,25
1878,724059.9999999999,-11004.811999999998,0.0,25
1409,723207.2,-10991.84944,0.0,25
507,723108.7999999999,-10990.35376,0.0,25
850,722747.9999999999,-10984.869599999998,0.0,25
1545,722649.6,-10983.37392,0.0,25
1867,722288.7999999999,-10977.88976,0.0,25
2005,721993.6,-10973.40272,0.0,25
157,720747.2,-10954.45744,0.0,25
1485,718713.6,-10923.54672,0.0,25
1922,718647.9999999999,-10922.549599999998,0.0,25
771,718516.7999999999,-10920.555359999998,0.0,25
1571,717335.9999999999,-10902.607199999999,0.0,25
1431,717139.2,-10899.61584,0.0,25
1486,716384.7999999999,-10888.148959999999,0.0,25
666,716384.7999999999,-10888.148959999999,0.0,25
1229,716351.9999999999,-10887.650399999999,0.0,25
1343,716220.7999999999,-10885.656159999999,0.0,25
1968,716056.7999999999,-10883.163359999999,0.0,25
950,715958.3999999999,-10881.667679999999,0.0,25
341,715695.9999999999,-10877.679199999999,0.0,25
71,715531.9999999999,-10875.186399999999,0.0,25
25,715433.6,-10873.69072,0.0,25
939,715105.6,-10868.70512,0.0,25
1759,714679.2,-10862.223839999999,0.0,25
194,714416.7999999999,-10858.235359999999,0.0,25
1736,714187.2,-10854.745439999999,0.0,25
943,713859.2,-10849.759839999999,0.0,25
1145,712448.7999999999,-10828.321759999999,0.0,25
2048,712055.2,-10822.339039999999,0.0,25
320,711169.6,-10808.87792,0.0,25
970,711071.2,-10807.382239999999,0.0,25
119,710611.9999999999,-10800.402399999999,0.0,25
1859,710185.6,-10793.92112,0.0,25
100,709857.6,-10788.935519999999,0.0,25
1527,709431.2,-10782.45424,0.0,25
1809,709103.2,-10777.46864,0.0,25
963,708250.3999999999,-10764.50608,0.0,25
1138,708151.9999999999,-10763.0104,0.0,25
2055,707397.6,-10751.54352,0.0,25
1268,707036.7999999999,-10746.05936,0.0,25
952,706741.6,-10741.57232,0.0,25
968,706675.9999999999,-10740.5752,0.0,25
2033,706446.3999999999,-10737.08528,0.0,25
41,706347.9999999999,-10735.5896,0.0,25
393,706118.3999999999,-10732.09968,0.0,25
490,705659.2,-10725.11984,0.0,25
1437,705199.9999999999,-10718.14,0.0,25
1232,705167.2,-10717.64144,0.0,25
1064,704740.7999999999,-10711.16016,0.0,25
1604,704281.6,-10704.18032,0.0,25
1151,703461.6,-10691.71632,0.0,25
1494,703428.7999999999,-10691.21776,0.0,25
1928,703395.9999999999,-10690.719199999998,0.0,25
905,703002.3999999999,-10684.73648,0.0,25
571,702903.9999999999,-10683.240799999998,0.0,25
191,702346.3999999999,-10674.76528,0.0,25
1230,702215.2,-10672.77104,0.0,25
148,702116.7999999999,-10671.27536,0.0,25
1582,702083.9999999999,-10670.776799999998,0.0,25
213,701723.2,-10665.29264,0.0,25
299,701263.9999999999,-10658.312799999998,0.0,25
1632,700739.2,-10650.33584,0.0,25
1286,700443.9999999999,-10645.848799999998,0.0,25
183,700050.3999999999,-10639.86608,0.0,25
2010,700050.3999999999,-10639.86608,0.0,25
863,699689.6,-10634.38192,0.0,25
1807,699558.3999999999,-10632.38768,0.0,25
1034,698738.3999999999,-10619.923679999998,0.0,25
235,698410.3999999999,-10614.938079999998,0.0,25
900,698082.3999999999,-10609.952479999998,0.0,25
1833,698049.6,-10609.45392,0.0,25
681,697951.2,-10607.95824,0.0,25
687,697852.7999999999,-10606.46256,0.0,25
1616,697229.6,-10596.98992,0.0,25
762,697196.7999999999,-10596.49136,0.0,25
1510,697098.3999999999,-10594.995679999998,0.0,25
1258,696376.7999999999,-10584.02736,0.0,25
1383,696081.6,-10579.54032,0.0,25
1204,693457.6,-10539.65552,0.0,25
940,693162.3999999999,-10535.168479999998,0.0,25
864,692834.3999999999,-10530.182879999998,0.0,25
63,692801.6,-10529.68432,0.0,25
196,692801.6,-10529.68432,0.0,25
277,692604.7999999999,-10526.692959999998,0.0,25
795,692178.3999999999,-10520.211679999999,0.0,25
10,691423.9999999999,-10508.744799999999,0.0,25
1421,690767.9999999999,-10498.773599999999,0.0,25
635,690669.6,-10497.27792,0.0,25
1260,690013.6,-10487.30672,0.0,25
1650,689783.9999999999,-10483.816799999999,0.0,25
269,689587.2,-10480.82544,0.0,25
1433,688635.9999999999,-10466.367199999999,0.0,25
1815,688504.7999999999,-10464.372959999999,0.0,25
1411,688340.7999999999,-10461.880159999999,0.0,25
532,687619.2,-10450.911839999999,0.0,25
1774,687619.2,-10450.911839999999,0.0,25
463,687487.9999999999,-10448.917599999999,0.0,25
887,687455.2,-10448.419039999999,0.0,25
1600,687192.7999999999,-10444.430559999999,0.0,25
449,687061.6,-10442.43632,0.0,25
1699,686405.6,-10432.46512,0.0,25
1461,686274.3999999999,-10430.470879999999,0.0,25
955,686143.2,-10428.476639999999,0.0,25
1963,685913.6,-10424.98672,0.0,25
979,685880.7999999999,-10424.488159999999,0.0,25
1388,685618.3999999999,-10420.499679999999,0.0,25
554,685290.3999999999,-10415.514079999999,0.0,25
290,685224.7999999999,-10414.516959999999,0.0,25
959,684240.7999999999,-10399.560159999999,0.0,25
517,683650.3999999999,-10390.58608,0.0,25
999,683519.2,-10388.59184,0.0,25
1280,683420.7999999999,-10387.09616,0.0,25
1237,683289.6,-10385.10192,0.0,25
1761,683191.2,-10383.60624,0.0,25
1543,682895.9999999999,-10379.1192,0.0,25
1057,682830.3999999999,-10378.12208,0.0,25
1366,682141.6,-10367.65232,0.0,25
2095,680960.7999999999,-10349.70416,0.0,25
121,680927.9999999999,-10349.2056,0.0,25
2068,679976.7999999999,-10334.74736,0.0,25
1669,679484.7999999999,-10327.26896,0.0,25
1395,678763.2,-10316.30064,0.0,25
478,678074.3999999999,-10305.83088,0.0,25
1079,677287.2,-10293.86544,0.0,25
1391,677221.6,-10292.86832,0.0,25
1344,677024.7999999999,-10289.87696,0.0,25
592,677024.7999999999,-10289.87696,0.0,25
1028,676893.6,-10287.88272,0.0,25
774,676827.9999999999,-10286.885599999998,0.0,25
1896,675843.9999999999,-10271.928799999998,0.0,25
1236,675745.6,-10270.43312,0.0,25
1415,675712.7999999999,-10269.93456,0.0,25
1998,675515.9999999999,-10266.943199999998,0.0,25
407,674236.7999999999,-10247.49936,0.0,25
1425,674171.2,-10246.50224,0.0,25
1868,674171.2,-10246.50224,0.0,25
323,673055.9999999999,-10229.551199999998,0.0,25
1782,671907.9999999999,-10212.101599999998,0.0,25
895,671809.6,-10210.60592,0.0,25
1106,671678.3999999999,-10208.611679999998,0.0,25
2079,671580.0,-10207.116,0.0,25
15,671350.3999999999,-10203.626079999998,0.0,25
1069,671153.6,-10200.63472,0.0,25
541,671055.2,-10199.13904,0.0,25
1826,670300.7999999999,-10187.67216,0.0,25
1666,670202.3999999999,-10186.176479999998,0.0,25
223,669907.2,-10181.68944,0.0,25
596,669677.6,-10178.19952,0.0,25
1750,669513.6,-10175.70672,0.0,25
1389,669349.6,-10173.21392,0.0,25
1913,669284.0,-10172.2168,0.0,25
590,668365.6,-10158.25712,0.0,25
1140,668168.7999999999,-10155.265759999998,0.0,25
392,668168.7999999999,-10155.265759999998,0.0,25
1670,667545.6,-10145.79312,0.0,25
1318,667250.3999999999,-10141.306079999998,0.0,25
354,666791.2,-10134.32624,0.0,25
152,666758.3999999999,-10133.827679999999,0.0,25
525,666692.7999999999,-10132.830559999999,0.0,25
334,666200.7999999999,-10125.352159999999,0.0,25
1793,665577.6,-10115.87952,0.0,25
1125,665315.2,-10111.89104,0.0,25
495,665315.2,-10111.89104,0.0,25
961,665184.0,-10109.8968,0.0,25
1190,665184.0,-10109.8968,0.0,25
214,665151.2,-10109.39824,0.0,25
1092,664790.3999999999,-10103.914079999999,0.0,25
1282,664626.3999999999,-10101.421279999999,0.0,25
1015,664462.3999999999,-10098.928479999999,0.0,25
928,664396.7999999999,-10097.931359999999,0.0,25
971,664200.0,-10094.94,0.0,25
946,663740.7999999999,-10087.960159999999,0.0,25
189,663708.0,-10087.4616,0.0,25
1875,663084.7999999999,-10077.988959999999,0.0,25
1143,662789.6,-10073.50192,0.0,25
1278,662035.2,-10062.035039999999,0.0,25
1884,661674.3999999999,-10056.550879999999,0.0,25
134,661051.2,-10047.078239999999,0.0,25
972,660985.6,-10046.08112,0.0,25
1357,660296.7999999999,-10035.611359999999,0.0,25
558,660296.7999999999,-10035.611359999999,0.0,25
1222,659542.3999999999,-10024.144479999999,0.0,25
1714,659411.2,-10022.150239999999,0.0,25
1311,659050.3999999999,-10016.666079999999,0.0,25
619,659050.3999999999,-10016.666079999999,0.0,25
1828,658788.0,-10012.6776,0.0,25
877,658197.6,-10003.70352,0.0,25
395,658164.7999999999,-10003.20496,0.0,25
574,658099.2,-10002.20784,0.0,25
1621,658066.3999999999,-10001.70928,0.0,25
483,657607.2,-9994.72944,0.0,25
919,657410.3999999999,-9991.73808,0.0,25
58,656688.7999999999,-9980.76976,0.0,25
1468,655606.3999999999,-9964.31728,0.0,25
1444,655508.0,-9962.821600000001,0.0,25
2043,654950.3999999999,-9954.34608,0.0,25
314,654786.3999999999,-9951.85328,0.0,25
224,653671.2,-9934.90224,0.0,25
897,653244.7999999999,-9928.42096,0.0,25
329,652949.6,-9923.93392,0.0,25
1698,652588.7999999999,-9918.44976,0.0,25
870,651998.3999999999,-9909.47568,0.0,25
64,651342.3999999999,-9899.50448,0.0,25
1376,650752.0,-9890.5304,0.0,25
967,650719.2,-9890.03184,0.0,25
748,650719.2,-9890.03184,0.0,25
695,650358.3999999999,-9884.54768,0.0,25
1754,650063.2,-9880.06064,0.0,25
1226,649440.0,-9870.588,0.0,25
245,649046.3999999999,-9864.60528,0.0,25
366,648915.2,-9862.61104,0.0,25
1831,648882.3999999999,-9862.11248,0.0,25
732,648685.6,-9859.12112,0.0,25
2070,647701.6,-9844.16432,0.0,25
812,647668.7999999999,-9843.66576,0.0,25
1225,647209.6,-9836.68592,0.0,25
124,645307.2,-9807.76944,0.0,25
1115,645241.6,-9806.77232,0.0,25
24,644618.3999999999,-9797.299679999998,0.0,25
1663,644257.6,-9791.81552,0.0,25
284,644093.6,-9789.32272,0.0,25
650,643732.7999999999,-9783.83856,0.0,25
1198,642683.2,-9767.88464,0.0,25
1464,641928.7999999999,-9756.417759999998,0.0,25
1709,641863.2,-9755.42064,0.0,25
1879,641305.6,-9746.94512,0.0,25
1997,641043.2,-9742.95664,0.0,25
815,640846.3999999999,-9739.965279999999,0.0,25
1766,640387.2,-9732.98544,0.0,25
383,639960.7999999999,-9726.504159999999,0.0,25
1590,639928.0,-9726.0056,0.0,25
651,639796.7999999999,-9724.011359999999,0.0,25
2063,639567.2,-9720.52144,0.0,25
1353,639337.6,-9717.03152,0.0,25
583,639239.2,-9715.53584,0.0,25
445,639140.7999999999,-9714.040159999999,0.0,25
1244,638976.7999999999,-9711.547359999999,0.0,25
1915,638944.0,-9711.0488,0.0,25
1009,638616.0,-9706.0632,0.0,25
1375,637763.2,-9693.100639999999,0.0,25
1691,636812.0,-9678.6424,0.0,25
2096,635598.3999999999,-9660.195679999999,0.0,25
1203,635532.7999999999,-9659.198559999999,0.0,25
858,635303.2,-9655.708639999999,0.0,25
410,635270.3999999999,-9655.210079999999,0.0,25
468,635270.3999999999,-9655.210079999999,0.0,25
1124,634581.6,-9644.74032,0.0,25
1248,634581.6,-9644.74032,0.0,25
816,634253.6,-9639.75472,0.0,25
381,633892.7999999999,-9634.270559999999,0.0,25
1269,633597.6,-9629.78352,0.0,25
1066,632843.2,-9618.31664,0.0,25
1863,632351.2,-9610.83824,0.0,25
1883,632088.7999999999,-9606.84976,0.0,25
246,631695.2,-9600.86704,0.0,25
708,631236.0,-9593.887200000001,0.0,25
200,631072.0,-9591.394400000001,0.0,25
1380,630580.0,-9583.916000000001,0.0,25
375,630252.0,-9578.930400000001,0.0,25
1776,629727.2,-9570.95344,0.0,25
904,629530.3999999999,-9567.96208,0.0,25
1788,628874.3999999999,-9557.99088,0.0,25
1038,628448.0,-9551.509600000001,0.0,25
1011,627759.2,-9541.03984,0.0,25
1329,627464.0,-9536.5528,0.0,25
1613,626676.7999999999,-9524.58736,0.0,25
1216,626611.2,-9523.59024,0.0,25
796,626512.7999999999,-9522.09456,0.0,25
501,625561.6,-9507.63632,0.0,25
1697,625233.6,-9502.65072,0.0,25
1744,624971.2,-9498.66224,0.0,25
1939,624971.2,-9498.66224,0.0,25
226,624610.3999999999,-9493.17808,0.0,25
1633,622412.7999999999,-9459.77456,0.0,25
1053,621986.3999999999,-9453.293279999998,0.0,25
738,621658.3999999999,-9448.307679999998,0.0,25
528,621592.7999999999,-9447.31056,0.0,25
1841,621330.3999999999,-9443.322079999998,0.0,25
1751,620838.3999999999,-9435.843679999998,0.0,25
370,620772.7999999999,-9434.84656,0.0,25
1422,620707.2,-9433.84944,0.0,25
873,620280.7999999999,-9427.36816,0.0,25
1455,620018.3999999999,-9423.379679999998,0.0,25
1504,619788.7999999999,-9419.88976,0.0,25
244,619624.7999999999,-9417.39696,0.0,25
1287,619264.0,-9411.9128,0.0,25
1370,619165.6,-9410.41712,0.0,25
1702,619132.7999999999,-9409.91856,0.0,25
415,618706.3999999999,-9403.437279999998,0.0,25
1637,618411.2,-9398.95024,0.0,25
1829,618083.2,-9393.96464,0.0,25
159,617853.6,-9390.47472,0.0,25
1994,617066.3999999999,-9378.509279999998,0.0,25
1083,616869.6,-9375.51792,0.0,25
595,616836.7999999999,-9375.019359999998,0.0,25
67,616771.2,-9374.02224,0.0,25
1672,615787.2,-9359.06544,0.0,25
1091,615557.6,-9355.57552,0.0,25
419,615098.3999999999,-9348.595679999999,0.0,25
1279,614836.0,-9344.6072,0.0,25
1730,614606.3999999999,-9341.117279999999,0.0,25
1499,614245.6,-9335.63312,0.0,25
670,613524.0,-9324.6648,0.0,25
1337,613130.3999999999,-9318.682079999999,0.0,25
830,613064.7999999999,-9317.684959999999,0.0,25
1765,612999.2,-9316.68784,0.0,25
240,612179.2,-9304.223839999999,0.0,25
1814,612146.3999999999,-9303.725279999999,0.0,25
1076,612113.6,-9303.22672,0.0,25
1117,611818.3999999999,-9298.739679999999,0.0,25
817,611752.7999999999,-9297.742559999999,0.0,25
316,611687.2,-9296.745439999999,0.0,25
994,611588.7999999999,-9295.249759999999,0.0,25
1449,611556.0,-9294.7512,0.0,25
1267,610736.0,-9282.2872,0.0,25
1680,610244.0,-9274.8088,0.0,25
854,610080.0,-9272.316,0.0,25
386,610080.0,-9272.316,0.0,25
1978,609194.3999999999,-9258.854879999999,0.0,25
207,608866.3999999999,-9253.869279999999,0.0,25
57,608112.0,-9242.4024,0.0,25
1602,607390.3999999999,-9231.434079999999,0.0,25
552,607390.3999999999,-9231.434079999999,0.0,25
1385,607259.2,-9229.43984,0.0,25
144,607226.3999999999,-9228.94128,0.0,25
572,607160.7999999999,-9227.94416,0.0,25
808,606439.2,-9216.97584,0.0,25
1240,605619.2,-9204.51184,0.0,25
1589,605324.0,-9200.024800000001,0.0,25
1108,604996.0,-9195.039200000001,0.0,25
1018,604799.2,-9192.04784,0.0,25
730,604602.3999999999,-9189.05648,0.0,25
569,604602.3999999999,-9189.05648,0.0,25
1473,604569.6,-9188.55792,0.0,25
1359,604208.7999999999,-9183.07376,0.0,25
852,603979.2,-9179.58384,0.0,25
1737,603913.6,-9178.58672,0.0,25
785,603421.6,-9171.10832,0.0,25
1136,603290.3999999999,-9169.11408,0.0,25
294,602864.0,-9162.632800000001,0.0,25
1072,602667.2,-9159.64144,0.0,25
2008,602372.0,-9155.1544,0.0,25
1174,601716.0,-9145.1832,0.0,25
667,601584.7999999999,-9143.18896,0.0,25
91,601519.2,-9142.19184,0.0,25
1457,601224.0,-9137.7048,0.0,25
1938,600666.3999999999,-9129.22928,0.0,25
506,600568.0,-9127.7336,0.0,25
768,599551.2,-9112.27824,0.0,25
505,599190.3999999999,-9106.79408,0.0,25
1500,599092.0,-9105.2984,0.0,25
1717,598468.7999999999,-9095.82576,0.0,25
1738,597320.7999999999,-9078.37616,0.0,25
1093,597222.3999999999,-9076.88048,0.0,25
1931,596828.7999999999,-9070.89776,0.0,25
1361,596140.0,-9060.428,0.0,25
736,595746.3999999999,-9054.445279999998,0.0,25
1067,594893.6,-9041.48272,0.0,25
408,594795.2,-9039.98704,0.0,25
568,593614.3999999999,-9022.038879999998,0.0,25
2003,592499.2,-9005.08784,0.0,25
1463,591548.0,-8990.6296,0.0,25
129,591154.3999999999,-8984.646879999998,0.0,25
927,590859.2,-8980.15984,0.0,25
1379,590137.6,-8969.19152,0.0,25
799,590006.3999999999,-8967.197279999998,0.0,25
176,589678.3999999999,-8962.211679999999,0.0,25
642,589383.2,-8957.72464,0.0,25
1469,588727.2,-8947.75344,0.0,25
1371,588366.3999999999,-8942.269279999999,0.0,25
1742,587644.7999999999,-8931.300959999999,0.0,25
1615,587382.3999999999,-8927.312479999999,0.0,25
215,587185.6,-8924.32112,0.0,25
2083,587087.2,-8922.82544,0.0,25
654,586693.6,-8916.84272,0.0,25
1078,586332.7999999999,-8911.358559999999,0.0,25
1802,585709.6,-8901.88592,0.0,25
1000,584135.2,-8877.955039999999,0.0,25
249,583774.3999999999,-8872.470879999999,0.0,25
208,583676.0,-8870.9752,0.0,25
1206,583315.2,-8865.491039999999,0.0,25
51,583282.3999999999,-8864.992479999999,0.0,25
68,582823.2,-8858.012639999999,0.0,25
1839,582626.3999999999,-8855.021279999999,0.0,25
1552,581904.7999999999,-8844.052959999999,0.0,25
1434,581642.3999999999,-8840.06448,0.0,25
1850,581084.7999999999,-8831.58896,0.0,25
1842,580888.0,-8828.597600000001,0.0,25
1947,580724.0,-8826.104800000001,0.0,25
2065,579838.3999999999,-8812.64368,0.0,25
1276,578952.7999999999,-8799.18256,0.0,25
653,578887.2,-8798.18544,0.0,25
1777,577804.7999999999,-8781.73296,0.0,25
832,577706.3999999999,-8780.23728,0.0,25
1313,577181.6,-8772.26032,0.0,25
1073,577148.7999999999,-8771.76176,0.0,25
1944,576558.3999999999,-8762.78768,0.0,25
798,576525.6,-8762.28912,0.0,25
1497,575672.7999999999,-8749.32656,0.0,25
1256,575607.2,-8748.32944,0.0,25
321,575476.0,-8746.3352,0.0,25
170,575443.2,-8745.83664,0.0,25
989,575115.2,-8740.85104,0.0,25
1940,574754.3999999999,-8735.36688,0.0,25
1156,574426.3999999999,-8730.38128,0.0,25
1806,573081.6,-8709.94032,0.0,25
1472,572327.2,-8698.47344,0.0,25
780,571671.2,-8688.50224,0.0,25
59,571441.6,-8685.01232,0.0,25
1100,571376.0,-8684.0152,0.0,25
625,571015.2,-8678.53104,0.0,25
1753,570851.2,-8676.03824,0.0,25
728,570556.0,-8671.5512,0.0,25
1771,570293.6,-8667.56272,0.0,25
353,570064.0,-8664.0728,0.0,25
570,569473.6,-8655.09872,0.0,25
523,569342.3999999999,-8653.104479999998,0.0,25
617,568981.6,-8647.62032,0.0,25
914,568719.2,-8643.63184,0.0,25
1522,567932.0,-8631.6664,0.0,25
327,567866.3999999999,-8630.669279999998,0.0,25
1614,567571.2,-8626.18224,0.0,25
1889,567440.0,-8624.188,0.0,25
801,566160.7999999999,-8604.74416,0.0,25
1233,566128.0,-8604.2456,0.0,25
823,566029.6,-8602.74992,0.0,25
186,565603.2,-8596.26864,0.0,25
1482,565045.6,-8587.79312,0.0,25
890,564586.3999999999,-8580.813279999998,0.0,25
668,564094.3999999999,-8573.334879999999,0.0,25
575,563832.0,-8569.3464,0.0,25
2027,563504.0,-8564.3608,0.0,25
911,563208.7999999999,-8559.873759999999,0.0,25
324,562552.7999999999,-8549.902559999999,0.0,25
665,562257.6,-8545.41552,0.0,25
1974,562126.3999999999,-8543.421279999999,0.0,25
2078,561962.3999999999,-8540.928479999999,0.0,25
675,561929.6,-8540.42992,0.0,25
2047,561568.7999999999,-8534.945759999999,0.0,25
1305,560978.3999999999,-8525.971679999999,0.0,25
422,560880.0,-8524.476,0.0,25
1041,560388.0,-8516.9976,0.0,25
1262,560060.0,-8512.012,0.0,25
851,559830.3999999999,-8508.522079999999,0.0,25
1630,559535.2,-8504.035039999999,0.0,25
684,559305.6,-8500.54512,0.0,25
272,559305.6,-8500.54512,0.0,25
2062,559240.0,-8499.548,0.0,25
1356,558748.0,-8492.0696,0.0,25
384,557731.2,-8476.614239999999,0.0,25
459,557370.3999999999,-8471.130079999999,0.0,25
881,556878.3999999999,-8463.651679999999,0.0,25
1960,556681.6,-8460.66032,0.0,25
1927,556288.0,-8454.6776,0.0,25
781,556156.7999999999,-8452.683359999999,0.0,25
1518,556058.3999999999,-8451.18768,0.0,25
719,555894.3999999999,-8448.69488,0.0,25
847,555730.3999999999,-8446.20208,0.0,25
662,555599.2,-8444.20784,0.0,25
266,555074.3999999999,-8436.23088,0.0,25
2092,554680.7999999999,-8430.24816,0.0,25
1001,553992.0,-8419.778400000001,0.0,25
42,553696.7999999999,-8415.29136,0.0,25
406,553336.0,-8409.807200000001,0.0,25
1056,552975.2,-8404.32304,0.0,25
594,552319.2,-8394.35184,0.0,25
389,551991.2,-8389.36624,0.0,25
1347,551499.2,-8381.88784,0.0,25
1581,550646.3999999999,-8368.92528,0.0,25
1427,550646.3999999999,-8368.92528,0.0,25
1618,550580.7999999999,-8367.92816,0.0,25
1382,550154.3999999999,-8361.44688,0.0,25
1146,549892.0,-8357.4584,0.0,25
1561,549859.2,-8356.95984,0.0,25
371,549367.2,-8349.48144,0.0,25
151,549301.6,-8348.48432,0.0,25
1676,548383.2,-8334.52464,0.0,25
1871,548317.6,-8333.52752,0.0,25
1081,548055.2,-8329.53904,0.0,25
2077,547694.3999999999,-8324.05488,0.0,25
1981,547563.2,-8322.06064,0.0,25
859,547136.7999999999,-8315.57936,0.0,25
494,547005.6,-8313.58512,0.0,25
1165,546743.2,-8309.59664,0.0,25
1529,546612.0,-8307.6024,0.0,25
97,546513.6,-8306.10672,0.0,25
790,546021.6,-8298.62832,0.0,25
36,545529.6,-8291.14992,0.0,25
621,545365.6,-8288.65712,0.0,25
1059,545201.6,-8286.16432,0.0,25
894,544742.3999999999,-8279.184479999998,0.0,25
409,544414.3999999999,-8274.198879999998,0.0,25
726,543627.2,-8262.23344,0.0,25
2014,543463.2,-8259.74064,0.0,25
2030,542446.3999999999,-8244.285279999998,0.0,25
78,542020.0,-8237.804,0.0,25
652,541790.3999999999,-8234.314079999998,0.0,25
2012,541626.3999999999,-8231.821279999998,0.0,25
1027,541462.3999999999,-8229.328479999998,0.0,25
1554,540675.2,-8217.36304,0.0,25
1622,540445.6,-8213.87312,0.0,25
62,540281.6,-8211.38032,0.0,25
420,540216.0,-8210.3832,0.0,25
757,539855.2,-8204.89904,0.0,25
1321,539560.0,-8200.412,0.0,25
1692,538608.7999999999,-8185.953759999999,0.0,25
977,538576.0,-8185.4552,0.0,25
750,537887.2,-8174.9854399999995,0.0,25
1786,537329.6,-8166.50992,0.0,25
933,537264.0,-8165.5128,0.0,25
1448,537001.6,-8161.52432,0.0,25
88,536837.6,-8159.03152,0.0,25
279,536608.0,-8155.5416000000005,0.0,25
1082,536444.0,-8153.0488000000005,0.0,25
1651,535492.7999999999,-8138.59056,0.0,25
1128,535099.2,-8132.60784,0.0,25
1895,533984.0,-8115.656800000001,0.0,25
746,533918.3999999999,-8114.659679999999,0.0,25
917,533393.6,-8106.68272,0.0,25
1950,531753.6,-8081.75472,0.0,25
1471,531622.3999999999,-8079.760479999999,0.0,25
355,531097.6,-8071.78352,0.0,25
644,531032.0,-8070.7864,0.0,25
315,530704.0,-8065.8008,0.0,25
1853,530474.3999999999,-8062.310879999999,0.0,25
1611,529588.7999999999,-8048.849759999999,0.0,25
308,529490.3999999999,-8047.354079999999,0.0,25
893,529424.7999999999,-8046.356959999999,0.0,25
1004,529359.2,-8045.35984,0.0,25
493,529359.2,-8045.35984,0.0,25
1480,529129.6,-8041.86992,0.0,25
966,528801.6,-8036.88432,0.0,25
146,528768.7999999999,-8036.385759999999,0.0,25
1872,528309.6,-8029.40592,0.0,25
1795,527358.3999999999,-8014.947679999999,0.0,25
604,526702.3999999999,-8004.976479999999,0.0,25
1417,526604.0,-8003.4808,0.0,25
171,526538.3999999999,-8002.483679999999,0.0,25
202,525948.0,-7993.5096,0.0,25
1811,525816.7999999999,-7991.515359999999,0.0,25
491,525259.2,-7983.0398399999995,0.0,25
1703,524570.3999999999,-7972.570079999999,0.0,25
770,524406.3999999999,-7970.077279999999,0.0,25
527,524012.79999999993,-7964.09456,0.0,25
75,523717.6,-7959.60752,0.0,25
509,523258.39999999997,-7952.62768,0.0,25
1107,523258.39999999997,-7952.62768,0.0,25
1855,522963.19999999995,-7948.14064,0.0,25
1323,522864.79999999993,-7946.64496,0.0,25
482,522208.79999999993,-7936.67376,0.0,25
1458,521552.79999999993,-7926.70256,0.0,25
543,520831.19999999995,-7915.73424,0.0,25
1121,520601.6,-7912.24432,0.0,25
2034,520503.19999999995,-7910.74864,0.0,25
1074,520109.6,-7904.76592,0.0,25
1042,519912.79999999993,-7901.774559999999,0.0,25
1392,519322.39999999997,-7892.80048,0.0,25
1157,518436.79999999993,-7879.339359999999,0.0,25
388,517157.6,-7859.89552,0.0,25
436,517091.99999999994,-7858.898399999999,0.0,25
623,517059.19999999995,-7858.39984,0.0,25
1566,515583.19999999995,-7835.964639999999,0.0,25
424,515058.39999999997,-7827.98768,0.0,25
1942,514894.39999999997,-7825.49488,0.0,25
1551,514435.19999999995,-7818.515039999999,0.0,25
1161,513582.39999999997,-7805.552479999999,0.0,25
2022,513483.99999999994,-7804.056799999999,0.0,25
1701,512893.6,-7795.08272,0.0,25
351,512795.19999999995,-7793.587039999999,0.0,25
717,512565.6,-7790.09712,0.0,25
849,511548.79999999993,-7774.6417599999995,0.0,25
1707,511319.19999999995,-7771.1518399999995,0.0,25
656,509679.19999999995,-7746.22384,0.0,25
86,509351.19999999995,-7741.23824,0.0,25
973,509055.99999999994,-7736.7512,0.0,25
1089,506628.79999999993,-7699.857759999999,0.0,25
456,505939.99999999994,-7689.387999999999,0.0,25
1723,505480.79999999993,-7682.408159999999,0.0,25
1327,505349.6,-7680.41392,0.0,25
632,504398.39999999997,-7665.95568,0.0,25
921,503676.79999999993,-7654.987359999999,0.0,25
2011,503512.79999999993,-7652.494559999999,0.0,25
133,503119.19999999995,-7646.511839999999,0.0,25
2039,502627.19999999995,-7639.033439999999,0.0,25
831,502299.19999999995,-7634.047839999999,0.0,25
13,501872.79999999993,-7627.566559999999,0.0,25
1502,501610.39999999997,-7623.57808,0.0,25
1265,500888.79999999993,-7612.609759999999,0.0,25
658,500888.79999999993,-7612.609759999999,0.0,25
2059,500363.99999999994,-7604.632799999999,0.0,25
1102,500167.19999999995,-7601.641439999999,0.0,25
660,499839.19999999995,-7596.655839999999,0.0,25
1607,499117.6,-7585.68752,0.0,25
462,498067.99999999994,-7569.7336,0.0,25
1891,497871.19999999995,-7566.74224,0.0,25
1675,497772.79999999993,-7565.24656,0.0,25
1563,497247.99999999994,-7557.2696,0.0,25
48,496657.6,-7548.29552,0.0,25
620,496526.39999999997,-7546.30128,0.0,25
1624,495476.79999999993,-7530.347359999999,0.0,25
924,493967.99999999994,-7507.4136,0.0,25
1598,493147.99999999994,-7494.9496,0.0,25
302,492983.99999999994,-7492.456799999999,0.0,25
1037,492131.19999999995,-7479.49424,0.0,25
1890,491409.6,-7468.52592,0.0,25
212,491015.99999999994,-7462.543199999999,0.0,25
1799,490950.39999999997,-7461.54608,0.0,25
1351,490786.39999999997,-7459.05328,0.0,25
1314,490425.6,-7453.56912,0.0,25
1921,490031.99999999994,-7447.586399999999,0.0,25
149,489408.79999999993,-7438.113759999999,0.0,25
481,489343.19999999995,-7437.116639999999,0.0,25
1055,489277.6,-7436.11952,0.0,25
1271,489277.6,-7436.11952,0.0,25
1926,488687.19999999995,-7427.145439999999,0.0,25
775,488588.79999999993,-7425.649759999999,0.0,25
1378,488359.19999999995,-7422.159839999999,0.0,25
2024,488195.19999999995,-7419.667039999999,0.0,25
1817,487637.6,-7411.19152,0.0,25
1715,487604.79999999993,-7410.692959999999,0.0,25
1372,486981.6,-7401.22032,0.0,25
484,486456.79999999993,-7393.2433599999995,0.0,25
477,485439.99999999994,-7377.788,0.0,25
879,485308.79999999993,-7375.79376,0.0,25
26,484587.19999999995,-7364.82544,0.0,25
1049,483865.6,-7353.85712,0.0,25
433,483504.79999999993,-7348.37296,0.0,25
228,483275.19999999995,-7344.88304,0.0,25
1668,483176.79999999993,-7343.38736,0.0,25
576,482815.99999999994,-7337.9032,0.0,25
997,481995.99999999994,-7325.4392,0.0,25
1886,481963.19999999995,-7324.94064,0.0,25
1726,481438.39999999997,-7316.96368,0.0,25
158,481405.6,-7316.46512,0.0,25
1507,480487.19999999995,-7302.50544,0.0,25
649,480454.39999999997,-7302.00688,0.0,25
8,479831.19999999995,-7292.53424,0.0,25
348,479371.99999999994,-7285.554399999999,0.0,25
282,479043.99999999994,-7280.568799999999,0.0,25
1934,478584.79999999993,-7273.588959999999,0.0,25
1191,478027.19999999995,-7265.11344,0.0,25
40,477994.39999999997,-7264.61488,0.0,25
1503,477928.79999999993,-7263.617759999999,0.0,25
1424,476419.99999999994,-7240.683999999999,0.0,25
2044,476354.39999999997,-7239.68688,0.0,25
912,475632.79999999993,-7228.718559999999,0.0,25
1567,475075.19999999995,-7220.243039999999,0.0,25
442,475075.19999999995,-7220.243039999999,0.0,25
178,474878.39999999997,-7217.251679999999,0.0,25
627,474386.39999999997,-7209.773279999999,0.0,25
573,473992.79999999993,-7203.7905599999995,0.0,25
996,473795.99999999994,-7200.7991999999995,0.0,25
986,471795.19999999995,-7170.38704,0.0,25
657,471204.79999999993,-7161.41296,0.0,25
902,471040.79999999993,-7158.92016,0.0,25
1224,471007.99999999994,-7158.4216,0.0,25
2035,470679.99999999994,-7153.436,0.0,25
957,470089.6,-7144.46192,0.0,25
346,468875.99999999994,-7126.0152,0.0,25
1036,468875.99999999994,-7126.0152,0.0,25
896,468777.6,-7124.51952,0.0,25
845,468547.99999999994,-7121.0296,0.0,25
502,467760.8,-7109.06416,0.0,25
648,466415.99999999994,-7088.623199999999,0.0,25
735,466415.99999999994,-7088.623199999999,0.0,25
438,466350.39999999997,-7087.62608,0.0,25
1129,466055.19999999995,-7083.13904,0.0,25
1219,465464.8,-7074.16496,0.0,25
691,465431.99999999994,-7073.666399999999,0.0,25
2032,464415.19999999995,-7058.211039999999,0.0,25
699,464185.6,-7054.72112,0.0,25
398,463988.8,-7051.72976,0.0,25
729,462315.99999999994,-7026.303199999999,0.0,25
460,461791.19999999995,-7018.326239999999,0.0,25
2088,461528.8,-7014.33776,0.0,25
2094,461233.6,-7009.85072,0.0,25
855,459790.39999999997,-6987.91408,0.0,25
47,459790.39999999997,-6987.91408,0.0,25
238,459429.6,-6982.42992,0.0,25
1194,458839.19999999995,-6973.45584,0.0,25
1113,458609.6,-6969.96592,0.0,25
1572,458051.99999999994,-6961.4904,0.0,25
177,458019.19999999995,-6960.99184,0.0,25
229,457953.6,-6959.99472,0.0,25
1849,457756.8,-6957.003360000001,0.0,25
846,457199.19999999995,-6948.52784,0.0,25
1674,456608.8,-6939.55376,0.0,25
1568,456149.6,-6932.57392,0.0,25
1316,456149.6,-6932.57392,0.0,25
2031,456083.99999999994,-6931.5768,0.0,25
958,455919.99999999994,-6929.084,0.0,25
1983,454542.39999999997,-6908.14448,0.0,25
2090,453394.39999999997,-6890.69488,0.0,25
1134,452607.19999999995,-6878.72944,0.0,25
1989,452213.6,-6872.74672,0.0,25
1061,451918.39999999997,-6868.25968,0.0,25
298,451459.19999999995,-6861.279839999999,0.0,25
301,451196.8,-6857.29136,0.0,25
860,451032.8,-6854.79856,0.0,25
599,450311.19999999995,-6843.830239999999,0.0,25
1540,448900.8,-6822.39216,0.0,25
357,448507.19999999995,-6816.409439999999,0.0,25
1885,448277.6,-6812.91952,0.0,25
2098,448211.99999999994,-6811.9223999999995,0.0,25
453,448211.99999999994,-6811.9223999999995,0.0,25
263,447359.19999999995,-6798.9598399999995,0.0,25
377,447359.19999999995,-6798.9598399999995,0.0,25
500,447260.8,-6797.46416,0.0,25
1251,446998.39999999997,-6793.47568,0.0,25
987,446965.6,-6792.97712,0.0,25
49,446703.19999999995,-6788.98864,0.0,25
874,445981.6,-6778.02032,0.0,25
1423,445948.8,-6777.5217600000005,0.0,25
31,445227.19999999995,-6766.55344,0.0,25
153,444636.8,-6757.57936,0.0,25
853,444472.8,-6755.08656,0.0,25
615,442701.6,-6728.16432,0.0,25
2060,442340.8,-6722.68016,0.0,25
1123,441848.8,-6715.20176,0.0,25
44,441717.6,-6713.20752,0.0,25
1731,441651.99999999994,-6712.210399999999,0.0,25
1729,441586.39999999997,-6711.21328,0.0,25
1846,441422.39999999997,-6708.72048,0.0,25
4,441291.19999999995,-6706.72624,0.0,25
535,440995.99999999994,-6702.239199999999,0.0,25
32,440930.39999999997,-6701.24208,0.0,25
1588,440602.39999999997,-6696.25648,0.0,25
1769,440372.8,-6692.76656,0.0,25
1993,439618.39999999997,-6681.29968,0.0,25
2099,438503.19999999995,-6664.348639999999,0.0,25
131,438404.8,-6662.85296,0.0,25
819,438076.8,-6657.86736,0.0,25
1390,437715.99999999994,-6652.383199999999,0.0,25
521,437453.6,-6648.39472,0.0,25
1594,437387.99999999994,-6647.397599999999,0.0,25
1645,437125.6,-6643.40912,0.0,25
1193,435879.19999999995,-6624.463839999999,0.0,25
2082,435583.99999999994,-6619.9767999999995,0.0,25
536,435190.39999999997,-6613.9940799999995,0.0,25
1821,434960.8,-6610.50416,0.0,25
1930,434468.8,-6603.02576,0.0,25
1334,434403.19999999995,-6602.0286399999995,0.0,25
764,434042.39999999997,-6596.54448,0.0,25
107,433911.19999999995,-6594.55024,0.0,25
1119,433484.8,-6588.0689600000005,0.0,25
1783,432927.19999999995,-6579.59344,0.0,25
352,432369.6,-6571.11792,0.0,25
618,431910.39999999997,-6564.13808,0.0,25
711,431188.8,-6553.16976,0.0,25
1308,431155.99999999994,-6552.6712,0.0,25
856,429843.99999999994,-6532.7288,0.0,25
1097,429811.19999999995,-6532.23024,0.0,25
1977,429679.99999999994,-6530.236,0.0,25
1176,429122.39999999997,-6521.76048,0.0,25
636,429089.6,-6521.26192,0.0,25
1250,428958.39999999997,-6519.26768,0.0,25
295,428499.19999999995,-6512.28784,0.0,25
311,428269.6,-6508.79792,0.0,25
1147,427711.99999999994,-6500.322399999999,0.0,25
1291,427646.39999999997,-6499.32528,0.0,25
1601,427547.99999999994,-6497.829599999999,0.0,25
2084,427023.19999999995,-6489.85264,0.0,25
1818,426924.8,-6488.35696,0.0,25
1935,426399.99999999994,-6480.379999999999,0.0,25
828,426301.6,-6478.88432,0.0,25
1130,426071.99999999994,-6475.394399999999,0.0,25
309,426006.39999999997,-6474.39728,0.0,25
1908,425743.99999999994,-6470.408799999999,0.0,25
1109,425219.19999999995,-6462.431839999999,0.0,25
210,424694.39999999997,-6454.45488,0.0,25
1862,424071.19999999995,-6444.982239999999,0.0,25
766,423119.99999999994,-6430.523999999999,0.0,25
693,422890.39999999997,-6427.034079999999,0.0,25
761,422299.99999999994,-6418.0599999999995,0.0,25
1980,422004.8,-6413.57296,0.0,25
503,421840.8,-6411.08016,0.0,25
577,421217.6,-6401.60752,0.0,25
1923,421151.99999999994,-6400.6104,0.0,25
411,421119.19999999995,-6400.11184,0.0,25
452,420922.39999999997,-6397.12048,0.0,25
143,420561.6,-6391.63632,0.0,25
104,417904.8,-6351.25296,0.0,25
28,417281.6,-6341.78032,0.0,25
727,416691.19999999995,-6332.80624,0.0,25
421,416494.39999999997,-6329.81488,0.0,25
646,416461.6,-6329.31632,0.0,25
1953,416231.99999999994,-6325.826399999999,0.0,25
292,416002.39999999997,-6322.33648,0.0,25
261,415772.8,-6318.84656,0.0,25
470,415739.99999999994,-6318.347999999999,0.0,25
1609,415280.8,-6311.36816,0.0,25
1906,414427.99999999994,-6298.405599999999,0.0,25
426,413706.39999999997,-6287.43728,0.0,25
756,413607.99999999994,-6285.941599999999,0.0,25
1459,413017.6,-6276.96752,0.0,25
241,412787.99999999994,-6273.477599999999,0.0,25
2046,412427.19999999995,-6267.993439999999,0.0,25
884,412000.8,-6261.51216,0.0,25
2089,411869.6,-6259.51792,0.0,25
722,411869.6,-6259.51792,0.0,25
720,411672.8,-6256.52656,0.0,25
546,410918.39999999997,-6245.059679999999,0.0,25
820,410885.6,-6244.56112,0.0,25
2086,410590.39999999997,-6240.074079999999,0.0,25
350,409737.6,-6227.11152,0.0,25
99,409704.8,-6226.61296,0.0,25
1195,408753.6,-6212.1547199999995,0.0,25
54,408720.8,-6211.65616,0.0,25
712,407966.39999999997,-6200.18928,0.0,25
1184,407343.19999999995,-6190.71664,0.0,25
1005,407080.8,-6186.728160000001,0.0,25
1760,407015.19999999995,-6185.73104,0.0,25
486,406424.8,-6176.756960000001,0.0,25
1544,405932.8,-6169.27856,0.0,25
437,405834.39999999997,-6167.78288,0.0,25
209,405243.99999999994,-6158.8088,0.0,25
1649,405178.39999999997,-6157.81168,0.0,25
1972,404751.99999999994,-6151.3304,0.0,25
737,404620.8,-6149.33616,0.0,25
1024,403571.19999999995,-6133.38224,0.0,25
1080,402718.39999999997,-6120.41968,0.0,25
142,401209.6,-6097.48592,0.0,25
1647,400947.19999999995,-6093.49744,0.0,25
1300,400651.99999999994,-6089.010399999999,0.0,25
655,400192.8,-6082.03056,0.0,25
811,398847.99999999994,-6061.589599999999,0.0,25
1509,397896.8,-6047.13136,0.0,25
561,396748.8,-6029.68176,0.0,25
233,396387.99999999994,-6024.1975999999995,0.0,25
1916,396191.19999999995,-6021.2062399999995,0.0,25
1525,396125.6,-6020.20912,0.0,25
1095,394419.99999999994,-5994.284,0.0,25
1606,394354.39999999997,-5993.28688,0.0,25
510,394321.6,-5992.78832,0.0,25
582,394321.6,-5992.78832,0.0,25
1635,393829.6,-5985.30992,0.0,25
749,393435.99999999994,-5979.3272,0.0,25
270,393370.39999999997,-5978.33008,0.0,25
1246,392779.99999999994,-5969.356,0.0,25
1336,392714.39999999997,-5968.35888,0.0,25
537,392222.39999999997,-5960.88048,0.0,25
938,392091.19999999995,-5958.88624,0.0,25
258,391927.19999999995,-5956.39344,0.0,25
1845,391894.39999999997,-5955.89488,0.0,25
814,391763.19999999995,-5953.90064,0.0,25
1010,391172.8,-5944.92656,0.0,25
1365,391008.8,-5942.43376,0.0,25
1374,390844.8,-5939.94096,0.0,25
1887,390188.8,-5929.96976,0.0,25
1002,389893.6,-5925.48272,0.0,25
1559,388647.19999999995,-5906.53744,0.0,25
741,388515.99999999994,-5904.543199999999,0.0,25
978,388417.6,-5903.04752,0.0,25
162,387958.39999999997,-5896.06768,0.0,25
628,387859.99999999994,-5894.571999999999,0.0,25
718,387728.8,-5892.57776,0.0,25
220,387597.6,-5890.58352,0.0,25
38,387236.8,-5885.09936,0.0,25
1285,387072.8,-5882.60656,0.0,25
1016,386875.99999999994,-5879.615199999999,0.0,25
1848,386580.8,-5875.12816,0.0,25
566,386252.8,-5870.14256,0.0,25
557,385596.8,-5860.17136,0.0,25
211,385334.39999999997,-5856.182879999999,0.0,25
788,385137.6,-5853.19152,0.0,25
891,384776.8,-5847.70736,0.0,25
1857,384481.6,-5843.22032,0.0,25
181,383399.19999999995,-5826.7678399999995,0.0,25
804,382415.19999999995,-5811.81104,0.0,25
1377,382382.39999999997,-5811.31248,0.0,25
1432,381201.6,-5793.36432,0.0,25
1969,381070.39999999997,-5791.37008,0.0,25
2015,380643.99999999994,-5784.8888,0.0,25
954,380119.19999999995,-5776.91184,0.0,25
1722,380020.8,-5775.41616,0.0,25
361,379987.99999999994,-5774.9176,0.0,25
1617,379889.6,-5773.42192,0.0,25
2050,379659.99999999994,-5769.932,0.0,25
1212,379069.6,-5760.95792,0.0,25
672,379036.8,-5760.45936,0.0,25
1478,378971.19999999995,-5759.46224,0.0,25
613,378741.6,-5755.97232,0.0,25
1048,378085.6,-5746.00112,0.0,25
53,376904.8,-5728.05296,0.0,25
268,376609.6,-5723.56592,0.0,25
139,376281.6,-5718.58032,0.0,25
1803,376248.8,-5718.08176,0.0,25
995,376215.99999999994,-5717.583199999999,0.0,25
278,375100.8,-5700.63216,0.0,25
548,374805.6,-5696.14512,0.0,25
469,374674.39999999997,-5694.15088,0.0,25
1627,374379.19999999995,-5689.663839999999,0.0,25
1787,373493.6,-5676.20272,0.0,25
1252,372640.8,-5663.24016,0.0,25
1687,372214.39999999997,-5656.758879999999,0.0,25
588,371820.8,-5650.77616,0.0,25
267,371722.39999999997,-5649.280479999999,0.0,25
1006,371656.8,-5648.28336,0.0,25
306,371591.19999999995,-5647.286239999999,0.0,25
1496,371459.99999999994,-5645.2919999999995,0.0,25
5,371295.99999999994,-5642.7991999999995,0.0,25
1214,370377.6,-5628.83952,0.0,25
805,370344.8,-5628.34096,0.0,25
1763,369787.19999999995,-5619.86544,0.0,25
1202,369426.39999999997,-5614.38128,0.0,25
1965,369327.99999999994,-5612.8856,0.0,25
787,369229.6,-5611.38992,0.0,25
759,368475.19999999995,-5599.92304,0.0,25
1446,368343.99999999994,-5597.9288,0.0,25
1948,368311.19999999995,-5597.43024,0.0,25
443,368311.19999999995,-5597.43024,0.0,25
61,367819.19999999995,-5589.95184,0.0,25
813,367819.19999999995,-5589.95184,0.0,25
1354,367589.6,-5586.46192,0.0,25
1656,367523.99999999994,-5585.4648,0.0,25
2091,367327.19999999995,-5582.47344,0.0,25
516,366605.6,-5571.50512,0.0,25
1555,366408.8,-5568.51376,0.0,25
2004,365916.8,-5561.03536,0.0,25
1242,365326.39999999997,-5552.06128,0.0,25
471,364801.6,-5544.08432,0.0,25
1044,364801.6,-5544.08432,0.0,25
356,364571.99999999994,-5540.594399999999,0.0,25
85,364178.39999999997,-5534.61168,0.0,25
1364,363981.6,-5531.62032,0.0,25
37,363817.6,-5529.12752,0.0,25
1476,363391.19999999995,-5522.64624,0.0,25
1304,362439.99999999994,-5508.187999999999,0.0,25
345,362177.6,-5504.19952,0.0,25
1363,361882.39999999997,-5499.71248,0.0,25
1899,360996.8,-5486.25136,0.0,25
1532,360603.19999999995,-5480.268639999999,0.0,25
1023,360176.8,-5473.78736,0.0,25
733,360111.19999999995,-5472.790239999999,0.0,25
39,359979.99999999994,-5470.795999999999,0.0,25
2058,359651.99999999994,-5465.810399999999,0.0,25
705,359356.8,-5461.32336,0.0,25
1120,359159.99999999994,-5458.331999999999,0.0,25
434,357847.99999999994,-5438.3895999999995,0.0,25
829,357552.8,-5433.90256,0.0,25
1523,357519.99999999994,-5433.4039999999995,0.0,25
126,357323.19999999995,-5430.41264,0.0,25
1696,356175.19999999995,-5412.96304,0.0,25
1718,355453.6,-5401.99472,0.0,25
1986,355420.8,-5401.496160000001,0.0,25
227,355355.19999999995,-5400.49904,0.0,25
218,355158.39999999997,-5397.50768,0.0,25
1442,355125.6,-5397.00912,0.0,25
2056,354863.19999999995,-5393.02064,0.0,25
1562,354469.6,-5387.03792,0.0,25
1515,354174.39999999997,-5382.55088,0.0,25
1995,352796.8,-5361.61136,0.0,25
89,352599.99999999994,-5358.62,0.0,25
1040,352567.19999999995,-5358.12144,0.0,25
425,352304.8,-5354.13296,0.0,25
1255,351648.8,-5344.16176,0.0,25
1384,351583.19999999995,-5343.16464,0.0,25
7,350927.19999999995,-5333.19344,0.0,25
1508,350795.99999999994,-5331.199199999999,0.0,25
862,350599.19999999995,-5328.20784,0.0,25
1665,350041.6,-5319.73232,0.0,25
93,349549.6,-5312.25392,0.0,25
2006,349287.19999999995,-5308.265439999999,0.0,25
111,348532.8,-5296.79856,0.0,25
551,348532.8,-5296.79856,0.0,25
1153,348401.6,-5294.80432,0.0,25
335,348106.39999999997,-5290.31728,0.0,25
291,348073.6,-5289.81872,0.0,25
763,347975.19999999995,-5288.323039999999,0.0,25
1355,347187.99999999994,-5276.357599999999,0.0,25
380,346925.6,-5272.36912,0.0,25
1021,346728.8,-5269.37776,0.0,25
1893,346695.99999999994,-5268.879199999999,0.0,25
1301,346663.19999999995,-5268.380639999999,0.0,25
640,346171.19999999995,-5260.902239999999,0.0,25
1456,345744.8,-5254.42096,0.0,25
102,345646.39999999997,-5252.9252799999995,0.0,25
1712,345154.39999999997,-5245.4468799999995,0.0,25
941,344957.6,-5242.45552,0.0,25
610,344760.8,-5239.46416,0.0,25
378,344662.39999999997,-5237.9684799999995,0.0,25
1667,344596.8,-5236.9713600000005,0.0,25
1221,343645.6,-5222.51312,0.0,25
485,343350.39999999997,-5218.02608,0.0,25
1288,342956.8,-5212.043360000001,0.0,25
1979,342563.19999999995,-5206.06064,0.0,25
1837,342267.99999999994,-5201.5736,0.0,25
1045,342136.8,-5199.57936,0.0,25
56,342136.8,-5199.57936,0.0,25
1732,342103.99999999994,-5199.0808,0.0,25
1257,341382.39999999997,-5188.11248,0.0,25
108,340267.19999999995,-5171.16144,0.0,25
1270,339545.6,-5160.19312,0.0,25
981,339283.19999999995,-5156.20464,0.0,25
1882,339283.19999999995,-5156.20464,0.0,25
413,338758.39999999997,-5148.22768,0.0,25
562,337118.39999999997,-5123.29968,0.0,25
861,337019.99999999994,-5121.803999999999,0.0,25
1144,336954.39999999997,-5120.80688,0.0,25
1822,336134.39999999997,-5108.34288,0.0,25
112,335314.39999999997,-5095.87888,0.0,25
337,335314.39999999997,-5095.87888,0.0,25
296,335281.6,-5095.38032,0.0,25
285,335052.0,-5091.8904,0.0,25
1259,334461.6,-5082.91632,0.0,25
1542,334428.8,-5082.41776,0.0,25
400,334396.0,-5081.9192,0.0,25
412,334297.6,-5080.42352,0.0,25
1961,333543.19999999995,-5068.956639999999,0.0,25
1585,333248.0,-5064.4696,0.0,25
432,333116.8,-5062.47536,0.0,25
2028,332887.19999999995,-5058.9854399999995,0.0,25
331,332854.39999999997,-5058.4868799999995,0.0,25
969,332329.6,-5050.50992,0.0,25
1101,331837.6,-5043.03152,0.0,25
1451,330952.0,-5029.5704000000005,0.0,25
1162,329902.39999999997,-5013.61648,0.0,25
1197,329836.8,-5012.619360000001,0.0,25
2021,329804.0,-5012.120800000001,0.0,25
1959,329607.19999999995,-5009.12944,0.0,25
882,329279.19999999995,-5004.14384,0.0,25
1096,329148.0,-5002.149600000001,0.0,25
1792,328820.0,-4997.164000000001,0.0,25
848,328459.19999999995,-4991.67984,0.0,25
526,328229.6,-4988.18992,0.0,25
248,328164.0,-4987.192800000001,0.0,25
1558,327048.8,-4970.24176,0.0,25
300,326983.19999999995,-4969.24464,0.0,25
1678,326884.8,-4967.74896,0.0,25
1396,326753.6,-4965.75472,0.0,25
747,326753.6,-4965.75472,0.0,25
1587,326064.8,-4955.28496,0.0,25
110,325966.39999999997,-4953.78928,0.0,25
1172,325704.0,-4949.8008,0.0,25
751,325441.6,-4945.81232,0.0,25
1065,324785.6,-4935.84112,0.0,25
450,324129.6,-4925.86992,0.0,25
221,323900.0,-4922.38,0.0,25
205,323178.39999999997,-4911.41168,0.0,25
549,323080.0,-4909.916,0.0,25
1264,322391.19999999995,-4899.446239999999,0.0,25
45,320849.6,-4876.01392,0.0,25
391,320193.6,-4866.04272,0.0,25
1932,320029.6,-4863.54992,0.0,25
1386,319636.0,-4857.5672,0.0,25
1535,319603.19999999995,-4857.0686399999995,0.0,25
976,319472.0,-4855.0744,0.0,25
1187,318192.8,-4835.6305600000005,0.0,25
1439,317602.39999999997,-4826.65648,0.0,25
1596,317208.8,-4820.673760000001,0.0,25
601,317110.39999999997,-4819.17808,0.0,25
1407,316946.39999999997,-4816.68528,0.0,25
336,316913.6,-4816.18672,0.0,25
1840,316684.0,-4812.696800000001,0.0,25
760,316192.0,-4805.218400000001,0.0,25
74,315372.0,-4792.754400000001,0.0,25
1955,314650.39999999997,-4781.78608,0.0,25
929,314486.39999999997,-4779.29328,0.0,25
925,314191.19999999995,-4774.80624,0.0,25
21,313076.0,-4757.8552,0.0,25
696,312715.19999999995,-4752.37104,0.0,25
1132,312584.0,-4750.3768,0.0,25
1966,312452.8,-4748.38256,0.0,25
724,312223.19999999995,-4744.89264,0.0,25
130,311173.6,-4728.93872,0.0,25
2037,311140.8,-4728.44016,0.0,25
1063,310583.19999999995,-4719.964639999999,0.0,25
1560,310288.0,-4715.4776,0.0,25
416,309894.39999999997,-4709.49488,0.0,25
1306,309140.0,-4698.028,0.0,25
1903,308943.19999999995,-4695.036639999999,0.0,25
810,308680.8,-4691.04816,0.0,25
1816,308024.8,-4681.07696,0.0,25
1324,307270.39999999997,-4669.6100799999995,0.0,25
1429,307172.0,-4668.1144,0.0,25
1487,306942.39999999997,-4664.6244799999995,0.0,25
607,306647.19999999995,-4660.1374399999995,0.0,25
1894,306614.39999999997,-4659.6388799999995,0.0,25
440,306516.0,-4658.1432,0.0,25
1342,306319.19999999995,-4655.1518399999995,0.0,25
990,305138.39999999997,-4637.20368,0.0,25
1937,304941.6,-4634.21232,0.0,25
2080,304908.8,-4633.713760000001,0.0,25
701,303793.6,-4616.76272,0.0,25
265,303760.8,-4616.264160000001,0.0,25
1513,303334.39999999997,-4609.78288,0.0,25
312,301956.8,-4588.84336,0.0,25
1387,301628.8,-4583.85776,0.0,25
109,301563.19999999995,-4582.86064,0.0,25
125,301071.19999999995,-4575.38224,0.0,25
310,301005.6,-4574.38512,0.0,25
1007,300612.0,-4568.4024,0.0,25
1243,300349.6,-4564.41392,0.0,25
580,300054.39999999997,-4559.92688,0.0,25
169,299431.19999999995,-4550.45424,0.0,25
1517,299070.39999999997,-4544.97008,0.0,25
1050,298152.0,-4531.0104,0.0,25
473,297627.19999999995,-4523.033439999999,0.0,25
175,297561.6,-4522.03632,0.0,25
1943,297102.39999999997,-4515.05648,0.0,25
871,297102.39999999997,-4515.05648,0.0,25
769,296905.6,-4512.06512,0.0,25
454,296741.6,-4509.57232,0.0,25
1201,296315.19999999995,-4503.091039999999,0.0,25
1220,295790.39999999997,-4495.114079999999,0.0,25
1869,295626.39999999997,-4492.621279999999,0.0,25
918,295396.8,-4489.13136,0.0,25
1408,295232.8,-4486.63856,0.0,25
1111,294839.19999999995,-4480.655839999999,0.0,25
758,294609.6,-4477.16592,0.0,25
1139,294347.19999999995,-4473.1774399999995,0.0,25
105,294117.6,-4469.68752,0.0,25
1447,293658.39999999997,-4462.7076799999995,0.0,25
1538,292477.6,-4444.75952,0.0,25
616,292149.6,-4439.77392,0.0,25
1681,291198.39999999997,-4425.31568,0.0,25
1116,290476.8,-4414.34736,0.0,25
1773,289952.0,-4406.370400000001,0.0,25
1689,289492.8,-4399.39056,0.0,25
1804,289164.8,-4394.40496,0.0,25
431,288672.8,-4386.92656,0.0,25
1335,288180.8,-4379.44816,0.0,25
2087,287000.0,-4361.5,0.0,25
55,286967.19999999995,-4361.00144,0.0,25
29,286868.8,-4359.50576,0.0,25
1465,286180.0,-4349.036,0.0,25
637,286114.39999999997,-4348.03888,0.0,25
953,286081.6,-4347.54032,0.0,25
1719,285589.6,-4340.06192,0.0,25
293,285556.8,-4339.56336,0.0,25
1477,284966.39999999997,-4330.58928,0.0,25
1917,284704.0,-4326.6008,0.0,25
259,284704.0,-4326.6008,0.0,25
1475,284572.8,-4324.60656,0.0,25
489,284540.0,-4324.108,0.0,25
66,284146.39999999997,-4318.12528,0.0,25
1075,284080.8,-4317.12816,0.0,25
948,284015.19999999995,-4316.131039999999,0.0,25
530,283949.6,-4315.13392,0.0,25
435,283916.8,-4314.63536,0.0,25
1941,283096.8,-4302.17136,0.0,25
492,282768.8,-4297.18576,0.0,25
1851,281981.6,-4285.22032,0.0,25
1790,281030.39999999997,-4270.7620799999995,0.0,25
834,280177.6,-4257.79952,0.0,25
556,280079.19999999995,-4256.30384,0.0,25
1052,279587.19999999995,-4248.82544,0.0,25
868,278898.39999999997,-4238.35568,0.0,25
414,278865.6,-4237.85712,0.0,25
1110,277520.8,-4217.41616,0.0,25
1789,276864.8,-4207.44496,0.0,25
1658,276602.39999999997,-4203.45648,0.0,25
359,276536.8,-4202.45936,0.0,25
201,275651.19999999995,-4188.99824,0.0,25
869,275028.0,-4179.5256,0.0,25
2097,273060.0,-4149.612,0.0,25
1185,272076.0,-4134.6552,0.0,25
232,271977.6,-4133.15952,0.0,25
113,271354.39999999997,-4123.68688,0.0,25
161,271223.19999999995,-4121.692639999999,0.0,25
1360,271190.39999999997,-4121.19408,0.0,25
947,271157.6,-4120.69552,0.0,25
305,270764.0,-4114.7128,0.0,25
1263,270665.6,-4113.21712,0.0,25
688,270567.19999999995,-4111.721439999999,0.0,25
326,270140.8,-4105.24016,0.0,25
1662,270140.8,-4105.24016,0.0,25
1694,269681.6,-4098.26032,0.0,25
2038,269419.19999999995,-4094.271839999999,0.0,25
1026,268632.0,-4082.3064,0.0,25
390,268435.19999999995,-4079.315039999999,0.0,25
1745,267976.0,-4072.3352,0.0,25
866,267844.8,-4070.3409599999995,0.0,25
842,267680.8,-4067.8481599999996,0.0,25
1160,267418.39999999997,-4063.8596799999996,0.0,25
1307,267254.39999999997,-4061.3668799999996,0.0,25
1739,266040.8,-4042.9201599999997,0.0,25
1653,265122.39999999997,-4028.9604799999993,0.0,25
664,265024.0,-4027.4647999999997,0.0,25
1945,264761.6,-4023.4763199999998,0.0,25
203,264302.39999999997,-4016.4964799999993,0.0,25
1070,263908.8,-4010.51376,0.0,25
338,263613.6,-4006.0267199999994,0.0,25
725,263416.8,-4003.03536,0.0,25
364,263088.8,-3998.04976,0.0,25
1399,261383.19999999998,-3972.1246399999995,0.0,25
1454,256003.99999999997,-3890.3607999999995,0.0,25
