tienda,camion,id_zona,x,y,carga_total
1,1,322,10,21,79999403
1,1,22,0,21,79999403
1,1,23,0,22,79999403
1,1,24,0,23,79999403
1,1,25,0,24,79999403
1,1,26,0,25,79999403
1,1,27,0,26,79999403
1,1,28,0,27,79999403
1,1,29,0,28,79999403
1,1,30,0,29,79999403
1,1,52,1,21,79999403
1,1,53,1,22,79999403
1,1,54,1,23,79999403
1,1,55,1,24,79999403
1,1,56,1,25,79999403
1,1,57,1,26,79999403
1,1,58,1,27,79999403
1,1,59,1,28,79999403
1,1,60,1,29,79999403
1,1,82,2,21,79999403
1,1,83,2,22,79999403
1,1,84,2,23,79999403
1,1,85,2,24,79999403
1,1,86,2,25,79999403
1,1,87,2,26,79999403
1,1,88,2,27,79999403
1,1,89,2,28,79999403
1,1,90,2,29,79999403
1,1,112,3,21,79999403
1,1,113,3,22,79999403
1,1,114,3,23,79999403
1,1,115,3,24,79999403
1,1,116,3,25,79999403
1,1,117,3,26,79999403
1,1,118,3,27,79999403
1,1,119,3,28,79999403
1,1,120,3,29,79999403
1,1,142,4,21,79999403
1,1,143,4,22,79999403
1,1,144,4,23,79999403
1,1,145,4,24,79999403
1,1,322,10,21,79999403
1,2,322,10,21,79996943
1,2,145,4,24,79996943
1,2,146,4,25,79996943
1,2,147,4,26,79996943
1,2,148,4,27,79996943
1,2,149,4,28,79996943
1,2,150,4,29,79996943
1,2,172,5,21,79996943
1,2,173,5,22,79996943
1,2,174,5,23,79996943
1,2,175,5,24,79996943
1,2,176,5,25,79996943
1,2,177,5,26,79996943
1,2,178,5,27,79996943
1,2,179,5,28,79996943
1,2,180,5,29,79996943
1,2,202,6,21,79996943
1,2,203,6,22,79996943
1,2,204,6,23,79996943
1,2,205,6,24,79996943
1,2,206,6,25,79996943
1,2,207,6,26,79996943
1,2,208,6,27,79996943
1,2,209,6,28,79996943
1,2,210,6,29,79996943
1,2,232,7,21,79996943
1,2,233,7,22,79996943
1,2,234,7,23,79996943
1,2,235,7,24,79996943
1,2,236,7,25,79996943
1,2,237,7,26,79996943
1,2,238,7,27,79996943
1,2,239,7,28,79996943
1,2,240,7,29,79996943
1,2,262,8,21,79996943
1,2,263,8,22,79996943
1,2,264,8,23,79996943
1,2,265,8,24,79996943
1,2,266,8,25,79996943
1,2,267,8,26,79996943
1,2,268,8,27,79996943
1,2,269,8,28,79996943
1,2,322,10,21,79996943
1,3,322,10,21,79999781
1,3,269,8,28,79999781
1,3,270,8,29,79999781
1,3,292,9,21,79999781
1,3,293,9,22,79999781
1,3,294,9,23,79999781
1,3,295,9,24,79999781
1,3,296,9,25,79999781
1,3,297,9,26,79999781
1,3,298,9,27,79999781
1,3,299,9,28,79999781
1,3,300,9,29,79999781
1,3,322,10,21,79999781
1,3,323,10,22,79999781
1,3,324,10,23,79999781
1,3,325,10,24,79999781
1,3,326,10,25,79999781
1,3,327,10,26,79999781
1,3,328,10,27,79999781
1,3,329,10,28,79999781
1,3,330,10,29,79999781
1,3,352,11,21,79999781
1,3,353,11,22,79999781
1,3,354,11,23,79999781
1,3,355,11,24,79999781
1,3,356,11,25,79999781
1,3,357,11,26,79999781
1,3,358,11,27,79999781
1,3,359,11,28,79999781
1,3,360,11,29,79999781
1,3,382,12,21,79999781
1,3,383,12,22,79999781
1,3,384,12,23,79999781
1,3,385,12,24,79999781
1,3,386,12,25,79999781
1,3,387,12,26,79999781
1,3,388,12,27,79999781
1,3,389,12,28,79999781
1,3,390,12,29,79999781
1,3,412,13,21,79999781
1,3,413,13,22,79999781
1,3,414,13,23,79999781
1,3,415,13,24,79999781
1,3,416,13,25,79999781
1,3,417,13,26,79999781
1,3,418,13,27,79999781
1,3,322,10,21,79999781
1,4,322,10,21,11588111
1,4,418,13,27,11588111
1,4,442,14,21,11588111
1,4,443,14,22,11588111
1,4,444,14,23,11588111
1,4,445,14,24,11588111
1,4,472,15,21,11588111
1,4,473,15,22,11588111
1,4,322,10,21,11588111
2,1,1439,47,28,74818194
2,1,1288,42,27,74818194
2,1,1289,42,28,74818194
2,1,1290,42,29,74818194
2,1,1317,43,26,74818194
2,1,1318,43,27,74818194
2,1,1319,43,28,74818194
2,1,1320,43,29,74818194
2,1,1347,44,26,74818194
2,1,1348,44,27,74818194
2,1,1349,44,28,74818194
2,1,1350,44,29,74818194
2,1,1377,45,26,74818194
2,1,1378,45,27,74818194
2,1,1379,45,28,74818194
2,1,1380,45,29,74818194
2,1,1407,46,26,74818194
2,1,1408,46,27,74818194
2,1,1409,46,28,74818194
2,1,1410,46,29,74818194
2,1,1438,47,27,74818194
2,1,1439,47,28,74818194
2,1,1440,47,29,74818194
2,1,1468,48,27,74818194
2,1,1469,48,28,74818194
2,1,1470,48,29,74818194
2,1,1498,49,27,74818194
2,1,1499,49,28,74818194
2,1,1500,49,29,74818194
2,1,1528,50,27,74818194
2,1,1529,50,28,74818194
2,1,1530,50,29,74818194
2,1,1558,51,27,74818194
2,1,1559,51,28,74818194
2,1,1560,51,29,74818194
2,1,1589,52,28,74818194
2,1,1590,52,29,74818194
2,1,1439,47,28,74818194
3,1,1371,45,20,79992875
3,1,1224,40,23,79992875
3,1,1225,40,24,79992875
3,1,1251,41,20,79992875
3,1,1252,41,21,79992875
3,1,1253,41,22,79992875
3,1,1254,41,23,79992875
3,1,1255,41,24,79992875
3,1,1256,41,25,79992875
3,1,1278,42,17,79992875
3,1,1279,42,18,79992875
3,1,1280,42,19,79992875
3,1,1281,42,20,79992875
3,1,1282,42,21,79992875
3,1,1283,42,22,79992875
3,1,1284,42,23,79992875
3,1,1285,42,24,79992875
3,1,1286,42,25,79992875
3,1,1287,42,26,79992875
3,1,1304,43,13,79992875
3,1,1305,43,14,79992875
3,1,1306,43,15,79992875
3,1,1307,43,16,79992875
3,1,1308,43,17,79992875
3,1,1309,43,18,79992875
3,1,1310,43,19,79992875
3,1,1311,43,20,79992875
3,1,1312,43,21,79992875
3,1,1313,43,22,79992875
3,1,1314,43,23,79992875
3,1,1315,43,24,79992875
3,1,1316,43,25,79992875
3,1,1334,44,13,79992875
3,1,1335,44,14,79992875
3,1,1336,44,15,79992875
3,1,1337,44,16,79992875
3,1,1338,44,17,79992875
3,1,1339,44,18,79992875
3,1,1340,44,19,79992875
3,1,1341,44,20,79992875
3,1,1342,44,21,79992875
3,1,1343,44,22,79992875
3,1,1371,45,20,79992875
3,2,1371,45,20,79999250
3,2,1343,44,22,79999250
3,2,1344,44,23,79999250
3,2,1345,44,24,79999250
3,2,1346,44,25,79999250
3,2,1364,45,13,79999250
3,2,1365,45,14,79999250
3,2,1366,45,15,79999250
3,2,1367,45,16,79999250
3,2,1368,45,17,79999250
3,2,1369,45,18,79999250
3,2,1370,45,19,79999250
3,2,1371,45,20,79999250
3,2,1372,45,21,79999250
3,2,1373,45,22,79999250
3,2,1374,45,23,79999250
3,2,1375,45,24,79999250
3,2,1376,45,25,79999250
3,2,1394,46,13,79999250
3,2,1395,46,14,79999250
3,2,1396,46,15,79999250
3,2,1397,46,16,79999250
3,2,1398,46,17,79999250
3,2,1399,46,18,79999250
3,2,1400,46,19,79999250
3,2,1401,46,20,79999250
3,2,1402,46,21,79999250
3,2,1403,46,22,79999250
3,2,1404,46,23,79999250
3,2,1405,46,24,79999250
3,2,1425,47,14,79999250
3,2,1426,47,15,79999250
3,2,1427,47,16,79999250
3,2,1428,47,17,79999250
3,2,1429,47,18,79999250
3,2,1430,47,19,79999250
3,2,1431,47,20,79999250
3,2,1371,45,20,79999250
3,3,1371,45,20,40121115
3,3,1431,47,20,40121115
3,3,1432,47,21,40121115
3,3,1433,47,22,40121115
3,3,1434,47,23,40121115
3,3,1457,48,16,40121115
3,3,1458,48,17,40121115
3,3,1459,48,18,40121115
3,3,1460,48,19,40121115
3,3,1461,48,20,40121115
3,3,1462,48,21,40121115
3,3,1463,48,22,40121115
3,3,1488,49,17,40121115
3,3,1489,49,18,40121115
3,3,1490,49,19,40121115
3,3,1491,49,20,40121115
3,3,1492,49,21,40121115
3,3,1520,50,19,40121115
3,3,1521,50,20,40121115
3,3,1371,45,20,40121115
4,1,1680,55,29,79999664
4,1,1618,53,27,79999664
4,1,1619,53,28,79999664
4,1,1620,53,29,79999664
4,1,1647,54,26,79999664
4,1,1648,54,27,79999664
4,1,1649,54,28,79999664
4,1,1650,54,29,79999664
4,1,1676,55,25,79999664
4,1,1677,55,26,79999664
4,1,1678,55,27,79999664
4,1,1679,55,28,79999664
4,1,1680,55,29,79999664
4,1,1704,56,23,79999664
4,1,1705,56,24,79999664
4,1,1706,56,25,79999664
4,1,1707,56,26,79999664
4,1,1708,56,27,79999664
4,1,1709,56,28,79999664
4,1,1710,56,29,79999664
4,1,1734,57,23,79999664
4,1,1735,57,24,79999664
4,1,1736,57,25,79999664
4,1,1737,57,26,79999664
4,1,1738,57,27,79999664
4,1,1739,57,28,79999664
4,1,1740,57,29,79999664
4,1,1764,58,23,79999664
4,1,1765,58,24,79999664
4,1,1766,58,25,79999664
4,1,1767,58,26,79999664
4,1,1768,58,27,79999664
4,1,1769,58,28,79999664
4,1,1770,58,29,79999664
4,1,1794,59,23,79999664
4,1,1795,59,24,79999664
4,1,1796,59,25,79999664
4,1,1797,59,26,79999664
4,1,1680,55,29,79999664
4,2,1680,55,29,79999551
4,2,1797,59,26,79999551
4,2,1798,59,27,79999551
4,2,1799,59,28,79999551
4,2,1800,59,29,79999551
4,2,1824,60,23,79999551
4,2,1825,60,24,79999551
4,2,1826,60,25,79999551
4,2,1827,60,26,79999551
4,2,1828,60,27,79999551
4,2,1829,60,28,79999551
4,2,1830,60,29,79999551
4,2,1854,61,23,79999551
4,2,1855,61,24,79999551
4,2,1856,61,25,79999551
4,2,1857,61,26,79999551
4,2,1858,61,27,79999551
4,2,1859,61,28,79999551
4,2,1860,61,29,79999551
4,2,1883,62,22,79999551
4,2,1884,62,23,79999551
4,2,1885,62,24,79999551
4,2,1886,62,25,79999551
4,2,1887,62,26,79999551
4,2,1888,62,27,79999551
4,2,1889,62,28,79999551
4,2,1890,62,29,79999551
4,2,1913,63,22,79999551
4,2,1914,63,23,79999551
4,2,1915,63,24,79999551
4,2,1916,63,25,79999551
4,2,1917,63,26,79999551
4,2,1918,63,27,79999551
4,2,1919,63,28,79999551
4,2,1920,63,29,79999551
4,2,1943,64,22,79999551
4,2,1944,64,23,79999551
4,2,1945,64,24,79999551
4,2,1946,64,25,79999551
4,2,1680,55,29,79999551
4,3,1680,55,29,79995098
4,3,1946,64,25,79995098
4,3,1947,64,26,79995098
4,3,1948,64,27,79995098
4,3,1949,64,28,79995098
4,3,1950,64,29,79995098
4,3,1973,65,22,79995098
4,3,1974,65,23,79995098
4,3,1975,65,24,79995098
4,3,1976,65,25,79995098
4,3,1977,65,26,79995098
4,3,1978,65,27,79995098
4,3,1979,65,28,79995098
4,3,1980,65,29,79995098
4,3,2003,66,22,79995098
4,3,2004,66,23,79995098
4,3,2005,66,24,79995098
4,3,2006,66,25,79995098
4,3,2007,66,26,79995098
4,3,2008,66,27,79995098
4,3,2009,66,28,79995098
4,3,2010,66,29,79995098
4,3,2033,67,22,79995098
4,3,2034,67,23,79995098
4,3,2035,67,24,79995098
4,3,2036,67,25,79995098
4,3,2037,67,26,79995098
4,3,2038,67,27,79995098
4,3,2039,67,28,79995098
4,3,2040,67,29,79995098
4,3,2063,68,22,79995098
4,3,2064,68,23,79995098
4,3,2065,68,24,79995098
4,3,2066,68,25,79995098
4,3,2067,68,26,79995098
4,3,2068,68,27,79995098
4,3,2069,68,28,79995098
4,3,2070,68,29,79995098
4,3,2092,69,21,79995098
4,3,2093,69,22,79995098
4,3,2094,69,23,79995098
4,3,2095,69,24,79995098
4,3,1680,55,29,79995098
4,4,1680,55,29,8183794
4,4,2095,69,24,8183794
4,4,2096,69,25,8183794
4,4,2097,69,26,8183794
4,4,2098,69,27,8183794
4,4,2099,69,28,8183794
4,4,2100,69,29,8183794
4,4,1680,55,29,8183794
5,1,1660,55,9,139999472
5,1,1512,50,11,139999472
5,1,1540,51,9,139999472
5,1,1541,51,10,139999472
5,1,1542,51,11,139999472
5,1,1568,52,7,139999472
5,1,1569,52,8,139999472
5,1,1570,52,9,139999472
5,1,1571,52,10,139999472
5,1,1572,52,11,139999472
5,1,1573,52,12,139999472
5,1,1596,53,5,139999472
5,1,1597,53,6,139999472
5,1,1598,53,7,139999472
5,1,1599,53,8,139999472
5,1,1600,53,9,139999472
5,1,1601,53,10,139999472
5,1,1602,53,11,139999472
5,1,1603,53,12,139999472
5,1,1624,54,3,139999472
5,1,1625,54,4,139999472
5,1,1626,54,5,139999472
5,1,1627,54,6,139999472
5,1,1628,54,7,139999472
5,1,1629,54,8,139999472
5,1,1630,54,9,139999472
5,1,1631,54,10,139999472
5,1,1632,54,11,139999472
5,1,1633,54,12,139999472
5,1,1653,55,2,139999472
5,1,1654,55,3,139999472
5,1,1655,55,4,139999472
5,1,1656,55,5,139999472
5,1,1657,55,6,139999472
5,1,1658,55,7,139999472
5,1,1659,55,8,139999472
5,1,1660,55,9,139999472
5,1,1661,55,10,139999472
5,1,1662,55,11,139999472
5,1,1663,55,12,139999472
5,1,1664,55,13,139999472
5,1,1681,56,0,139999472
5,1,1682,56,1,139999472
5,1,1683,56,2,139999472
5,1,1684,56,3,139999472
5,1,1685,56,4,139999472
5,1,1686,56,5,139999472
5,1,1687,56,6,139999472
5,1,1688,56,7,139999472
5,1,1689,56,8,139999472
5,1,1690,56,9,139999472
5,1,1691,56,10,139999472
5,1,1692,56,11,139999472
5,1,1693,56,12,139999472
5,1,1694,56,13,139999472
5,1,1711,57,0,139999472
5,1,1712,57,1,139999472
5,1,1713,57,2,139999472
5,1,1714,57,3,139999472
5,1,1715,57,4,139999472
5,1,1716,57,5,139999472
5,1,1717,57,6,139999472
5,1,1718,57,7,139999472
5,1,1719,57,8,139999472
5,1,1720,57,9,139999472
5,1,1721,57,10,139999472
5,1,1722,57,11,139999472
5,1,1723,57,12,139999472
5,1,1660,55,9,139999472
5,2,1660,55,9,139999771
5,2,1723,57,12,139999771
5,2,1724,57,13,139999771
5,2,1741,58,0,139999771
5,2,1742,58,1,139999771
5,2,1743,58,2,139999771
5,2,1744,58,3,139999771
5,2,1745,58,4,139999771
5,2,1746,58,5,139999771
5,2,1747,58,6,139999771
5,2,1748,58,7,139999771
5,2,1749,58,8,139999771
5,2,1750,58,9,139999771
5,2,1751,58,10,139999771
5,2,1752,58,11,139999771
5,2,1753,58,12,139999771
5,2,1754,58,13,139999771
5,2,1755,58,14,139999771
5,2,1771,59,0,139999771
5,2,1772,59,1,139999771
5,2,1773,59,2,139999771
5,2,1774,59,3,139999771
5,2,1775,59,4,139999771
5,2,1776,59,5,139999771
5,2,1777,59,6,139999771
5,2,1778,59,7,139999771
5,2,1779,59,8,139999771
5,2,1780,59,9,139999771
5,2,1781,59,10,139999771
5,2,1782,59,11,139999771
5,2,1783,59,12,139999771
5,2,1784,59,13,139999771
5,2,1785,59,14,139999771
5,2,1801,60,0,139999771
5,2,1802,60,1,139999771
5,2,1803,60,2,139999771
5,2,1804,60,3,139999771
5,2,1805,60,4,139999771
5,2,1806,60,5,139999771
5,2,1807,60,6,139999771
5,2,1808,60,7,139999771
5,2,1809,60,8,139999771
5,2,1810,60,9,139999771
5,2,1811,60,10,139999771
5,2,1812,60,11,139999771
5,2,1813,60,12,139999771
5,2,1814,60,13,139999771
5,2,1815,60,14,139999771
5,2,1831,61,0,139999771
5,2,1832,61,1,139999771
5,2,1833,61,2,139999771
5,2,1834,61,3,139999771
5,2,1835,61,4,139999771
5,2,1836,61,5,139999771
5,2,1837,61,6,139999771
5,2,1838,61,7,139999771
5,2,1839,61,8,139999771
5,2,1840,61,9,139999771
5,2,1841,61,10,139999771
5,2,1842,61,11,139999771
5,2,1843,61,12,139999771
5,2,1844,61,13,139999771
5,2,1845,61,14,139999771
5,2,1846,61,15,139999771
5,2,1861,62,0,139999771
5,2,1862,62,1,139999771
5,2,1660,55,9,139999771
5,3,1660,55,9,139998807
5,3,1862,62,1,139998807
5,3,1863,62,2,139998807
5,3,1864,62,3,139998807
5,3,1865,62,4,139998807
5,3,1866,62,5,139998807
5,3,1867,62,6,139998807
5,3,1868,62,7,139998807
5,3,1869,62,8,139998807
5,3,1870,62,9,139998807
5,3,1871,62,10,139998807
5,3,1872,62,11,139998807
5,3,1873,62,12,139998807
5,3,1874,62,13,139998807
5,3,1875,62,14,139998807
5,3,1876,62,15,139998807
5,3,1891,63,0,139998807
5,3,1892,63,1,139998807
5,3,1893,63,2,139998807
5,3,1894,63,3,139998807
5,3,1895,63,4,139998807
5,3,1896,63,5,139998807
5,3,1897,63,6,139998807
5,3,1898,63,7,139998807
5,3,1899,63,8,139998807
5,3,1900,63,9,139998807
5,3,1901,63,10,139998807
5,3,1902,63,11,139998807
5,3,1903,63,12,139998807
5,3,1904,63,13,139998807
5,3,1905,63,14,139998807
5,3,1906,63,15,139998807
5,3,1921,64,0,139998807
5,3,1922,64,1,139998807
5,3,1923,64,2,139998807
5,3,1924,64,3,139998807
5,3,1925,64,4,139998807
5,3,1926,64,5,139998807
5,3,1927,64,6,139998807
5,3,1928,64,7,139998807
5,3,1929,64,8,139998807
5,3,1930,64,9,139998807
5,3,1931,64,10,139998807
5,3,1932,64,11,139998807
5,3,1933,64,12,139998807
5,3,1934,64,13,139998807
5,3,1935,64,14,139998807
5,3,1936,64,15,139998807
5,3,1937,64,16,139998807
5,3,1951,65,0,139998807
5,3,1952,65,1,139998807
5,3,1953,65,2,139998807
5,3,1954,65,3,139998807
5,3,1955,65,4,139998807
5,3,1956,65,5,139998807
5,3,1957,65,6,139998807
5,3,1958,65,7,139998807
5,3,1959,65,8,139998807
5,3,1960,65,9,139998807
5,3,1961,65,10,139998807
5,3,1962,65,11,139998807
5,3,1963,65,12,139998807
5,3,1964,65,13,139998807
5,3,1965,65,14,139998807
5,3,1966,65,15,139998807
5,3,1967,65,16,139998807
5,3,1981,66,0,139998807
5,3,1982,66,1,139998807
5,3,1983,66,2,139998807
5,3,1660,55,9,139998807
5,4,1660,55,9,139999916
5,4,1983,66,2,139999916
5,4,1984,66,3,139999916
5,4,1985,66,4,139999916
5,4,1986,66,5,139999916
5,4,1987,66,6,139999916
5,4,1988,66,7,139999916
5,4,1989,66,8,139999916
5,4,1990,66,9,139999916
5,4,1991,66,10,139999916
5,4,1992,66,11,139999916
5,4,1993,66,12,139999916
5,4,1994,66,13,139999916
5,4,1995,66,14,139999916
5,4,1996,66,15,139999916
5,4,1997,66,16,139999916
5,4,2011,67,0,139999916
5,4,2012,67,1,139999916
5,4,2013,67,2,139999916
5,4,2014,67,3,139999916
5,4,2015,67,4,139999916
5,4,2016,67,5,139999916
5,4,2017,67,6,139999916
5,4,2018,67,7,139999916
5,4,2019,67,8,139999916
5,4,2020,67,9,139999916
5,4,2021,67,10,139999916
5,4,2022,67,11,139999916
5,4,2023,67,12,139999916
5,4,2024,67,13,139999916
5,4,2025,67,14,139999916
5,4,2026,67,15,139999916
5,4,2027,67,16,139999916
5,4,2028,67,17,139999916
5,4,2041,68,0,139999916
5,4,2042,68,1,139999916
5,4,2043,68,2,139999916
5,4,2044,68,3,139999916
5,4,2045,68,4,139999916
5,4,2046,68,5,139999916
5,4,2047,68,6,139999916
5,4,2048,68,7,139999916
5,4,2049,68,8,139999916
5,4,2050,68,9,139999916
5,4,2051,68,10,139999916
5,4,2052,68,11,139999916
5,4,2053,68,12,139999916
5,4,2054,68,13,139999916
5,4,2055,68,14,139999916
5,4,2056,68,15,139999916
5,4,2057,68,16,139999916
5,4,2058,68,17,139999916
5,4,2071,69,0,139999916
5,4,2072,69,1,139999916
5,4,2073,69,2,139999916
5,4,2074,69,3,139999916
5,4,2075,69,4,139999916
5,4,2076,69,5,139999916
5,4,2077,69,6,139999916
5,4,2078,69,7,139999916
5,4,2079,69,8,139999916
5,4,2080,69,9,139999916
5,4,2081,69,10,139999916
5,4,2082,69,11,139999916
5,4,2083,69,12,139999916
5,4,2084,69,13,139999916
5,4,2085,69,14,139999916
5,4,1660,55,9,139999916
5,5,1660,55,9,6174828
5,5,2085,69,14,6174828
5,5,2086,69,15,6174828
5,5,2087,69,16,6174828
5,5,2088,69,17,6174828
5,5,1660,55,9,6174828
6,1,34,1,3,79999384
6,1,1,0,0,79999384
6,1,2,0,1,79999384
6,1,3,0,2,79999384
6,1,4,0,3,79999384
6,1,5,0,4,79999384
6,1,6,0,5,79999384
6,1,7,0,6,79999384
6,1,8,0,7,79999384
6,1,9,0,8,79999384
6,1,10,0,9,79999384
6,1,11,0,10,79999384
6,1,12,0,11,79999384
6,1,13,0,12,79999384
6,1,14,0,13,79999384
6,1,15,0,14,79999384
6,1,16,0,15,79999384
6,1,31,1,0,79999384
6,1,32,1,1,79999384
6,1,33,1,2,79999384
6,1,34,1,3,79999384
6,1,35,1,4,79999384
6,1,36,1,5,79999384
6,1,37,1,6,79999384
6,1,38,1,7,79999384
6,1,39,1,8,79999384
6,1,40,1,9,79999384
6,1,41,1,10,79999384
6,1,42,1,11,79999384
6,1,43,1,12,79999384
6,1,44,1,13,79999384
6,1,45,1,14,79999384
6,1,61,2,0,79999384
6,1,62,2,1,79999384
6,1,63,2,2,79999384
6,1,64,2,3,79999384
6,1,65,2,4,79999384
6,1,66,2,5,79999384
6,1,67,2,6,79999384
6,1,68,2,7,79999384
6,1,69,2,8,79999384
6,1,34,1,3,79999384
6,2,34,1,3,79998812
6,2,69,2,8,79998812
6,2,70,2,9,79998812
6,2,71,2,10,79998812
6,2,72,2,11,79998812
6,2,73,2,12,79998812
6,2,74,2,13,79998812
6,2,75,2,14,79998812
6,2,91,3,0,79998812
6,2,92,3,1,79998812
6,2,93,3,2,79998812
6,2,94,3,3,79998812
6,2,95,3,4,79998812
6,2,96,3,5,79998812
6,2,97,3,6,79998812
6,2,98,3,7,79998812
6,2,99,3,8,79998812
6,2,100,3,9,79998812
6,2,101,3,10,79998812
6,2,102,3,11,79998812
6,2,103,3,12,79998812
6,2,104,3,13,79998812
6,2,121,4,0,79998812
6,2,122,4,1,79998812
6,2,123,4,2,79998812
6,2,124,4,3,79998812
6,2,125,4,4,79998812
6,2,126,4,5,79998812
6,2,127,4,6,79998812
6,2,128,4,7,79998812
6,2,129,4,8,79998812
6,2,130,4,9,79998812
6,2,131,4,10,79998812
6,2,132,4,11,79998812
6,2,133,4,12,79998812
6,2,134,4,13,79998812
6,2,151,5,0,79998812
6,2,152,5,1,79998812
6,2,153,5,2,79998812
6,2,154,5,3,79998812
6,2,155,5,4,79998812
6,2,34,1,3,79998812
6,3,34,1,3,79998793
6,3,155,5,4,79998793
6,3,156,5,5,79998793
6,3,157,5,6,79998793
6,3,158,5,7,79998793
6,3,159,5,8,79998793
6,3,160,5,9,79998793
6,3,161,5,10,79998793
6,3,162,5,11,79998793
6,3,163,5,12,79998793
6,3,181,6,0,79998793
6,3,182,6,1,79998793
6,3,183,6,2,79998793
6,3,184,6,3,79998793
6,3,185,6,4,79998793
6,3,186,6,5,79998793
6,3,187,6,6,79998793
6,3,188,6,7,79998793
6,3,189,6,8,79998793
6,3,190,6,9,79998793
6,3,191,6,10,79998793
6,3,192,6,11,79998793
6,3,211,7,0,79998793
6,3,212,7,1,79998793
6,3,213,7,2,79998793
6,3,214,7,3,79998793
6,3,215,7,4,79998793
6,3,216,7,5,79998793
6,3,217,7,6,79998793
6,3,218,7,7,79998793
6,3,219,7,8,79998793
6,3,220,7,9,79998793
6,3,221,7,10,79998793
6,3,222,7,11,79998793
6,3,241,8,0,79998793
6,3,242,8,1,79998793
6,3,243,8,2,79998793
6,3,244,8,3,79998793
6,3,245,8,4,79998793
6,3,246,8,5,79998793
6,3,34,1,3,79998793
6,4,34,1,3,79999030
6,4,246,8,5,79999030
6,4,247,8,6,79999030
6,4,248,8,7,79999030
6,4,249,8,8,79999030
6,4,250,8,9,79999030
6,4,251,8,10,79999030
6,4,271,9,0,79999030
6,4,272,9,1,79999030
6,4,273,9,2,79999030
6,4,274,9,3,79999030
6,4,275,9,4,79999030
6,4,276,9,5,79999030
6,4,277,9,6,79999030
6,4,278,9,7,79999030
6,4,279,9,8,79999030
6,4,280,9,9,79999030
6,4,281,9,10,79999030
6,4,301,10,0,79999030
6,4,302,10,1,79999030
6,4,303,10,2,79999030
6,4,304,10,3,79999030
6,4,305,10,4,79999030
6,4,306,10,5,79999030
6,4,307,10,6,79999030
6,4,308,10,7,79999030
6,4,309,10,8,79999030
6,4,310,10,9,79999030
6,4,331,11,0,79999030
6,4,332,11,1,79999030
6,4,333,11,2,79999030
6,4,334,11,3,79999030
6,4,335,11,4,79999030
6,4,336,11,5,79999030
6,4,337,11,6,79999030
6,4,338,11,7,79999030
6,4,339,11,8,79999030
6,4,361,12,0,79999030
6,4,362,12,1,79999030
6,4,363,12,2,79999030
6,4,364,12,3,79999030
6,4,365,12,4,79999030
6,4,34,1,3,79999030
6,5,34,1,3,68596829
6,5,365,12,4,68596829
6,5,366,12,5,68596829
6,5,367,12,6,68596829
6,5,368,12,7,68596829
6,5,369,12,8,68596829
6,5,391,13,0,68596829
6,5,392,13,1,68596829
6,5,393,13,2,68596829
6,5,394,13,3,68596829
6,5,395,13,4,68596829
6,5,396,13,5,68596829
6,5,397,13,6,68596829
6,5,398,13,7,68596829
6,5,421,14,0,68596829
6,5,422,14,1,68596829
6,5,423,14,2,68596829
6,5,424,14,3,68596829
6,5,425,14,4,68596829
6,5,426,14,5,68596829
6,5,427,14,6,68596829
6,5,428,14,7,68596829
6,5,451,15,0,68596829
6,5,452,15,1,68596829
6,5,453,15,2,68596829
6,5,454,15,3,68596829
6,5,455,15,4,68596829
6,5,456,15,5,68596829
6,5,457,15,6,68596829
6,5,481,16,0,68596829
6,5,482,16,1,68596829
6,5,483,16,2,68596829
6,5,484,16,3,68596829
6,5,511,17,0,68596829
6,5,34,1,3,68596829
7,1,535,17,24,79999080
7,1,419,13,28,79999080
7,1,420,13,29,79999080
7,1,446,14,25,79999080
7,1,447,14,26,79999080
7,1,448,14,27,79999080
7,1,449,14,28,79999080
7,1,450,14,29,79999080
7,1,474,15,23,79999080
7,1,475,15,24,79999080
7,1,476,15,25,79999080
7,1,477,15,26,79999080
7,1,478,15,27,79999080
7,1,479,15,28,79999080
7,1,480,15,29,79999080
7,1,502,16,21,79999080
7,1,503,16,22,79999080
7,1,504,16,23,79999080
7,1,505,16,24,79999080
7,1,506,16,25,79999080
7,1,507,16,26,79999080
7,1,508,16,27,79999080
7,1,509,16,28,79999080
7,1,510,16,29,79999080
7,1,531,17,20,79999080
7,1,532,17,21,79999080
7,1,533,17,22,79999080
7,1,534,17,23,79999080
7,1,535,17,24,79999080
7,1,536,17,25,79999080
7,1,537,17,26,79999080
7,1,538,17,27,79999080
7,1,539,17,28,79999080
7,1,540,17,29,79999080
7,1,559,18,18,79999080
7,1,560,18,19,79999080
7,1,561,18,20,79999080
7,1,562,18,21,79999080
7,1,563,18,22,79999080
7,1,535,17,24,79999080
7,2,535,17,24,79996222
7,2,563,18,22,79996222
7,2,564,18,23,79996222
7,2,565,18,24,79996222
7,2,566,18,25,79996222
7,2,567,18,26,79996222
7,2,568,18,27,79996222
7,2,569,18,28,79996222
7,2,570,18,29,79996222
7,2,588,19,17,79996222
7,2,589,19,18,79996222
7,2,590,19,19,79996222
7,2,591,19,20,79996222
7,2,592,19,21,79996222
7,2,593,19,22,79996222
7,2,594,19,23,79996222
7,2,595,19,24,79996222
7,2,596,19,25,79996222
7,2,597,19,26,79996222
7,2,598,19,27,79996222
7,2,599,19,28,79996222
7,2,600,19,29,79996222
7,2,617,20,16,79996222
7,2,618,20,17,79996222
7,2,619,20,18,79996222
7,2,620,20,19,79996222
7,2,621,20,20,79996222
7,2,622,20,21,79996222
7,2,623,20,22,79996222
7,2,624,20,23,79996222
7,2,625,20,24,79996222
7,2,626,20,25,79996222
7,2,627,20,26,79996222
7,2,628,20,27,79996222
7,2,629,20,28,79996222
7,2,630,20,29,79996222
7,2,648,21,17,79996222
7,2,649,21,18,79996222
7,2,650,21,19,79996222
7,2,651,21,20,79996222
7,2,535,17,24,79996222
7,3,535,17,24,79998913
7,3,651,21,20,79998913
7,3,652,21,21,79998913
7,3,653,21,22,79998913
7,3,654,21,23,79998913
7,3,655,21,24,79998913
7,3,656,21,25,79998913
7,3,657,21,26,79998913
7,3,658,21,27,79998913
7,3,659,21,28,79998913
7,3,660,21,29,79998913
7,3,679,22,18,79998913
7,3,680,22,19,79998913
7,3,681,22,20,79998913
7,3,682,22,21,79998913
7,3,683,22,22,79998913
7,3,684,22,23,79998913
7,3,685,22,24,79998913
7,3,686,22,25,79998913
7,3,687,22,26,79998913
7,3,688,22,27,79998913
7,3,689,22,28,79998913
7,3,690,22,29,79998913
7,3,709,23,18,79998913
7,3,710,23,19,79998913
7,3,711,23,20,79998913
7,3,712,23,21,79998913
7,3,713,23,22,79998913
7,3,714,23,23,79998913
7,3,715,23,24,79998913
7,3,716,23,25,79998913
7,3,717,23,26,79998913
7,3,718,23,27,79998913
7,3,719,23,28,79998913
7,3,720,23,29,79998913
7,3,740,24,19,79998913
7,3,741,24,20,79998913
7,3,742,24,21,79998913
7,3,743,24,22,79998913
7,3,744,24,23,79998913
7,3,535,17,24,79998913
7,4,535,17,24,65628714
7,4,744,24,23,65628714
7,4,745,24,24,65628714
7,4,746,24,25,65628714
7,4,747,24,26,65628714
7,4,748,24,27,65628714
7,4,749,24,28,65628714
7,4,750,24,29,65628714
7,4,771,25,20,65628714
7,4,772,25,21,65628714
7,4,773,25,22,65628714
7,4,774,25,23,65628714
7,4,775,25,24,65628714
7,4,776,25,25,65628714
7,4,777,25,26,65628714
7,4,778,25,27,65628714
7,4,779,25,28,65628714
7,4,780,25,29,65628714
7,4,802,26,21,65628714
7,4,803,26,22,65628714
7,4,804,26,23,65628714
7,4,805,26,24,65628714
7,4,806,26,25,65628714
7,4,807,26,26,65628714
7,4,808,26,27,65628714
7,4,809,26,28,65628714
7,4,810,26,29,65628714
7,4,834,27,23,65628714
7,4,835,27,24,65628714
7,4,836,27,25,65628714
7,4,837,27,26,65628714
7,4,838,27,27,65628714
7,4,535,17,24,65628714
8,1,1385,46,4,79997721
8,1,1267,42,6,79997721
8,1,1268,42,7,79997721
8,1,1269,42,8,79997721
8,1,1270,42,9,79997721
8,1,1271,42,10,79997721
8,1,1295,43,4,79997721
8,1,1296,43,5,79997721
8,1,1297,43,6,79997721
8,1,1298,43,7,79997721
8,1,1299,43,8,79997721
8,1,1300,43,9,79997721
8,1,1301,43,10,79997721
8,1,1302,43,11,79997721
8,1,1303,43,12,79997721
8,1,1324,44,3,79997721
8,1,1325,44,4,79997721
8,1,1326,44,5,79997721
8,1,1327,44,6,79997721
8,1,1328,44,7,79997721
8,1,1329,44,8,79997721
8,1,1330,44,9,79997721
8,1,1331,44,10,79997721
8,1,1332,44,11,79997721
8,1,1333,44,12,79997721
8,1,1352,45,1,79997721
8,1,1353,45,2,79997721
8,1,1354,45,3,79997721
8,1,1355,45,4,79997721
8,1,1356,45,5,79997721
8,1,1357,45,6,79997721
8,1,1358,45,7,79997721
8,1,1359,45,8,79997721
8,1,1360,45,9,79997721
8,1,1361,45,10,79997721
8,1,1362,45,11,79997721
8,1,1363,45,12,79997721
8,1,1381,46,0,79997721
8,1,1385,46,4,79997721
8,2,1385,46,4,79998537
8,2,1381,46,0,79998537
8,2,1382,46,1,79998537
8,2,1383,46,2,79998537
8,2,1384,46,3,79998537
8,2,1385,46,4,79998537
8,2,1386,46,5,79998537
8,2,1387,46,6,79998537
8,2,1388,46,7,79998537
8,2,1389,46,8,79998537
8,2,1390,46,9,79998537
8,2,1391,46,10,79998537
8,2,1392,46,11,79998537
8,2,1393,46,12,79998537
8,2,1411,47,0,79998537
8,2,1412,47,1,79998537
8,2,1413,47,2,79998537
8,2,1414,47,3,79998537
8,2,1415,47,4,79998537
8,2,1416,47,5,79998537
8,2,1417,47,6,79998537
8,2,1418,47,7,79998537
8,2,1419,47,8,79998537
8,2,1420,47,9,79998537
8,2,1421,47,10,79998537
8,2,1422,47,11,79998537
8,2,1423,47,12,79998537
8,2,1441,48,0,79998537
8,2,1442,48,1,79998537
8,2,1443,48,2,79998537
8,2,1444,48,3,79998537
8,2,1445,48,4,79998537
8,2,1446,48,5,79998537
8,2,1447,48,6,79998537
8,2,1448,48,7,79998537
8,2,1449,48,8,79998537
8,2,1450,48,9,79998537
8,2,1451,48,10,79998537
8,2,1452,48,11,79998537
8,2,1453,48,12,79998537
8,2,1471,49,0,79998537
8,2,1385,46,4,79998537
8,3,1385,46,4,79997245
8,3,1471,49,0,79997245
8,3,1472,49,1,79997245
8,3,1473,49,2,79997245
8,3,1474,49,3,79997245
8,3,1475,49,4,79997245
8,3,1476,49,5,79997245
8,3,1477,49,6,79997245
8,3,1478,49,7,79997245
8,3,1479,49,8,79997245
8,3,1480,49,9,79997245
8,3,1481,49,10,79997245
8,3,1482,49,11,79997245
8,3,1501,50,0,79997245
8,3,1502,50,1,79997245
8,3,1503,50,2,79997245
8,3,1504,50,3,79997245
8,3,1505,50,4,79997245
8,3,1506,50,5,79997245
8,3,1507,50,6,79997245
8,3,1508,50,7,79997245
8,3,1509,50,8,79997245
8,3,1510,50,9,79997245
8,3,1511,50,10,79997245
8,3,1531,51,0,79997245
8,3,1532,51,1,79997245
8,3,1533,51,2,79997245
8,3,1534,51,3,79997245
8,3,1535,51,4,79997245
8,3,1536,51,5,79997245
8,3,1537,51,6,79997245
8,3,1538,51,7,79997245
8,3,1539,51,8,79997245
8,3,1561,52,0,79997245
8,3,1562,52,1,79997245
8,3,1563,52,2,79997245
8,3,1564,52,3,79997245
8,3,1565,52,4,79997245
8,3,1566,52,5,79997245
8,3,1567,52,6,79997245
8,3,1591,53,0,79997245
8,3,1592,53,1,79997245
8,3,1385,46,4,79997245
8,4,1385,46,4,19911577
8,4,1592,53,1,19911577
8,4,1593,53,2,19911577
8,4,1594,53,3,19911577
8,4,1595,53,4,19911577
8,4,1621,54,0,19911577
8,4,1622,54,1,19911577
8,4,1623,54,2,19911577
8,4,1651,55,0,19911577
8,4,1652,55,1,19911577
8,4,1385,46,4,19911577
9,1,319,10,18,79999504
9,1,17,0,16,79999504
9,1,18,0,17,79999504
9,1,19,0,18,79999504
9,1,20,0,19,79999504
9,1,21,0,20,79999504
9,1,46,1,15,79999504
9,1,47,1,16,79999504
9,1,48,1,17,79999504
9,1,49,1,18,79999504
9,1,50,1,19,79999504
9,1,51,1,20,79999504
9,1,76,2,15,79999504
9,1,77,2,16,79999504
9,1,78,2,17,79999504
9,1,79,2,18,79999504
9,1,80,2,19,79999504
9,1,81,2,20,79999504
9,1,105,3,14,79999504
9,1,106,3,15,79999504
9,1,107,3,16,79999504
9,1,108,3,17,79999504
9,1,109,3,18,79999504
9,1,110,3,19,79999504
9,1,111,3,20,79999504
9,1,135,4,14,79999504
9,1,136,4,15,79999504
9,1,137,4,16,79999504
9,1,138,4,17,79999504
9,1,139,4,18,79999504
9,1,140,4,19,79999504
9,1,141,4,20,79999504
9,1,164,5,13,79999504
9,1,165,5,14,79999504
9,1,166,5,15,79999504
9,1,167,5,16,79999504
9,1,168,5,17,79999504
9,1,319,10,18,79999504
9,2,319,10,18,79997368
9,2,168,5,17,79997368
9,2,169,5,18,79997368
9,2,170,5,19,79997368
9,2,171,5,20,79997368
9,2,193,6,12,79997368
9,2,194,6,13,79997368
9,2,195,6,14,79997368
9,2,196,6,15,79997368
9,2,197,6,16,79997368
9,2,198,6,17,79997368
9,2,199,6,18,79997368
9,2,200,6,19,79997368
9,2,201,6,20,79997368
9,2,223,7,12,79997368
9,2,224,7,13,79997368
9,2,225,7,14,79997368
9,2,226,7,15,79997368
9,2,227,7,16,79997368
9,2,228,7,17,79997368
9,2,229,7,18,79997368
9,2,230,7,19,79997368
9,2,231,7,20,79997368
9,2,252,8,11,79997368
9,2,253,8,12,79997368
9,2,254,8,13,79997368
9,2,255,8,14,79997368
9,2,256,8,15,79997368
9,2,257,8,16,79997368
9,2,258,8,17,79997368
9,2,259,8,18,79997368
9,2,260,8,19,79997368
9,2,261,8,20,79997368
9,2,282,9,11,79997368
9,2,283,9,12,79997368
9,2,284,9,13,79997368
9,2,285,9,14,79997368
9,2,286,9,15,79997368
9,2,287,9,16,79997368
9,2,319,10,18,79997368
9,3,319,10,18,79996464
9,3,287,9,16,79996464
9,3,288,9,17,79996464
9,3,289,9,18,79996464
9,3,290,9,19,79996464
9,3,291,9,20,79996464
9,3,311,10,10,79996464
9,3,312,10,11,79996464
9,3,313,10,12,79996464
9,3,314,10,13,79996464
9,3,315,10,14,79996464
9,3,316,10,15,79996464
9,3,317,10,16,79996464
9,3,318,10,17,79996464
9,3,319,10,18,79996464
9,3,320,10,19,79996464
9,3,321,10,20,79996464
9,3,340,11,9,79996464
9,3,341,11,10,79996464
9,3,342,11,11,79996464
9,3,343,11,12,79996464
9,3,344,11,13,79996464
9,3,345,11,14,79996464
9,3,346,11,15,79996464
9,3,347,11,16,79996464
9,3,348,11,17,79996464
9,3,349,11,18,79996464
9,3,350,11,19,79996464
9,3,351,11,20,79996464
9,3,370,12,9,79996464
9,3,371,12,10,79996464
9,3,372,12,11,79996464
9,3,373,12,12,79996464
9,3,374,12,13,79996464
9,3,375,12,14,79996464
9,3,376,12,15,79996464
9,3,377,12,16,79996464
9,3,378,12,17,79996464
9,3,379,12,18,79996464
9,3,319,10,18,79996464
9,4,319,10,18,79996562
9,4,379,12,18,79996562
9,4,380,12,19,79996562
9,4,381,12,20,79996562
9,4,399,13,8,79996562
9,4,400,13,9,79996562
9,4,401,13,10,79996562
9,4,402,13,11,79996562
9,4,403,13,12,79996562
9,4,404,13,13,79996562
9,4,405,13,14,79996562
9,4,406,13,15,79996562
9,4,407,13,16,79996562
9,4,408,13,17,79996562
9,4,409,13,18,79996562
9,4,410,13,19,79996562
9,4,411,13,20,79996562
9,4,429,14,8,79996562
9,4,430,14,9,79996562
9,4,431,14,10,79996562
9,4,432,14,11,79996562
9,4,433,14,12,79996562
9,4,434,14,13,79996562
9,4,435,14,14,79996562
9,4,436,14,15,79996562
9,4,437,14,16,79996562
9,4,438,14,17,79996562
9,4,439,14,18,79996562
9,4,440,14,19,79996562
9,4,441,14,20,79996562
9,4,458,15,7,79996562
9,4,459,15,8,79996562
9,4,460,15,9,79996562
9,4,461,15,10,79996562
9,4,462,15,11,79996562
9,4,463,15,12,79996562
9,4,464,15,13,79996562
9,4,465,15,14,79996562
9,4,466,15,15,79996562
9,4,467,15,16,79996562
9,4,468,15,17,79996562
9,4,469,15,18,79996562
9,4,319,10,18,79996562
9,5,319,10,18,67667675
9,5,469,15,18,67667675
9,5,470,15,19,67667675
9,5,471,15,20,67667675
9,5,489,16,8,67667675
9,5,490,16,9,67667675
9,5,491,16,10,67667675
9,5,492,16,11,67667675
9,5,493,16,12,67667675
9,5,494,16,13,67667675
9,5,495,16,14,67667675
9,5,496,16,15,67667675
9,5,497,16,16,67667675
9,5,498,16,17,67667675
9,5,499,16,18,67667675
9,5,500,16,19,67667675
9,5,501,16,20,67667675
9,5,521,17,10,67667675
9,5,522,17,11,67667675
9,5,523,17,12,67667675
9,5,524,17,13,67667675
9,5,525,17,14,67667675
9,5,526,17,15,67667675
9,5,527,17,16,67667675
9,5,528,17,17,67667675
9,5,529,17,18,67667675
9,5,530,17,19,67667675
9,5,553,18,12,67667675
9,5,554,18,13,67667675
9,5,555,18,14,67667675
9,5,556,18,15,67667675
9,5,557,18,16,67667675
9,5,558,18,17,67667675
9,5,585,19,14,67667675
9,5,586,19,15,67667675
9,5,587,19,16,67667675
9,5,319,10,18,67667675
10,1,1606,53,15,79999068
10,1,1424,47,13,79999068
10,1,1454,48,13,79999068
10,1,1455,48,14,79999068
10,1,1456,48,15,79999068
10,1,1483,49,12,79999068
10,1,1484,49,13,79999068
10,1,1485,49,14,79999068
10,1,1486,49,15,79999068
10,1,1487,49,16,79999068
10,1,1513,50,12,79999068
10,1,1514,50,13,79999068
10,1,1515,50,14,79999068
10,1,1516,50,15,79999068
10,1,1517,50,16,79999068
10,1,1518,50,17,79999068
10,1,1519,50,18,79999068
10,1,1543,51,12,79999068
10,1,1544,51,13,79999068
10,1,1545,51,14,79999068
10,1,1546,51,15,79999068
10,1,1547,51,16,79999068
10,1,1548,51,17,79999068
10,1,1549,51,18,79999068
10,1,1550,51,19,79999068
10,1,1574,52,13,79999068
10,1,1575,52,14,79999068
10,1,1576,52,15,79999068
10,1,1577,52,16,79999068
10,1,1578,52,17,79999068
10,1,1579,52,18,79999068
10,1,1580,52,19,79999068
10,1,1581,52,20,79999068
10,1,1604,53,13,79999068
10,1,1605,53,14,79999068
10,1,1606,53,15,79999068
10,1,1607,53,16,79999068
10,1,1608,53,17,79999068
10,1,1609,53,18,79999068
10,1,1606,53,15,79999068
10,2,1606,53,15,79999437
10,2,1609,53,18,79999437
10,2,1610,53,19,79999437
10,2,1611,53,20,79999437
10,2,1634,54,13,79999437
10,2,1635,54,14,79999437
10,2,1636,54,15,79999437
10,2,1637,54,16,79999437
10,2,1638,54,17,79999437
10,2,1639,54,18,79999437
10,2,1640,54,19,79999437
10,2,1641,54,20,79999437
10,2,1642,54,21,79999437
10,2,1665,55,14,79999437
10,2,1666,55,15,79999437
10,2,1667,55,16,79999437
10,2,1668,55,17,79999437
10,2,1669,55,18,79999437
10,2,1670,55,19,79999437
10,2,1671,55,20,79999437
10,2,1672,55,21,79999437
10,2,1673,55,22,79999437
10,2,1695,56,14,79999437
10,2,1696,56,15,79999437
10,2,1697,56,16,79999437
10,2,1698,56,17,79999437
10,2,1699,56,18,79999437
10,2,1700,56,19,79999437
10,2,1701,56,20,79999437
10,2,1702,56,21,79999437
10,2,1703,56,22,79999437
10,2,1725,57,14,79999437
10,2,1726,57,15,79999437
10,2,1727,57,16,79999437
10,2,1728,57,17,79999437
10,2,1729,57,18,79999437
10,2,1730,57,19,79999437
10,2,1731,57,20,79999437
10,2,1732,57,21,79999437
10,2,1733,57,22,79999437
10,2,1606,53,15,79999437
10,3,1606,53,15,79999090
10,3,1733,57,22,79999090
10,3,1756,58,15,79999090
10,3,1757,58,16,79999090
10,3,1758,58,17,79999090
10,3,1759,58,18,79999090
10,3,1760,58,19,79999090
10,3,1761,58,20,79999090
10,3,1762,58,21,79999090
10,3,1763,58,22,79999090
10,3,1786,59,15,79999090
10,3,1787,59,16,79999090
10,3,1788,59,17,79999090
10,3,1789,59,18,79999090
10,3,1790,59,19,79999090
10,3,1791,59,20,79999090
10,3,1792,59,21,79999090
10,3,1793,59,22,79999090
10,3,1816,60,15,79999090
10,3,1817,60,16,79999090
10,3,1818,60,17,79999090
10,3,1819,60,18,79999090
10,3,1820,60,19,79999090
10,3,1821,60,20,79999090
10,3,1822,60,21,79999090
10,3,1823,60,22,79999090
10,3,1847,61,16,79999090
10,3,1848,61,17,79999090
10,3,1849,61,18,79999090
10,3,1850,61,19,79999090
10,3,1851,61,20,79999090
10,3,1852,61,21,79999090
10,3,1853,61,22,79999090
10,3,1877,62,16,79999090
10,3,1878,62,17,79999090
10,3,1879,62,18,79999090
10,3,1880,62,19,79999090
10,3,1881,62,20,79999090
10,3,1882,62,21,79999090
10,3,1907,63,16,79999090
10,3,1908,63,17,79999090
10,3,1909,63,18,79999090
10,3,1606,53,15,79999090
10,4,1606,53,15,60292774
10,4,1909,63,18,60292774
10,4,1910,63,19,60292774
10,4,1911,63,20,60292774
10,4,1912,63,21,60292774
10,4,1938,64,17,60292774
10,4,1939,64,18,60292774
10,4,1940,64,19,60292774
10,4,1941,64,20,60292774
10,4,1942,64,21,60292774
10,4,1968,65,17,60292774
10,4,1969,65,18,60292774
10,4,1970,65,19,60292774
10,4,1971,65,20,60292774
10,4,1972,65,21,60292774
10,4,1998,66,17,60292774
10,4,1999,66,18,60292774
10,4,2000,66,19,60292774
10,4,2001,66,20,60292774
10,4,2002,66,21,60292774
10,4,2029,67,18,60292774
10,4,2030,67,19,60292774
10,4,2031,67,20,60292774
10,4,2032,67,21,60292774
10,4,2059,68,18,60292774
10,4,2060,68,19,60292774
10,4,2061,68,20,60292774
10,4,2062,68,21,60292774
10,4,2089,69,18,60292774
10,4,2090,69,19,60292774
10,4,2091,69,20,60292774
10,4,1606,53,15,60292774
11,1,821,27,10,139996768
11,1,485,16,4,139996768
11,1,486,16,5,139996768
11,1,487,16,6,139996768
11,1,488,16,7,139996768
11,1,512,17,1,139996768
11,1,513,17,2,139996768
11,1,514,17,3,139996768
11,1,515,17,4,139996768
11,1,516,17,5,139996768
11,1,517,17,6,139996768
11,1,518,17,7,139996768
11,1,519,17,8,139996768
11,1,520,17,9,139996768
11,1,541,18,0,139996768
11,1,542,18,1,139996768
11,1,543,18,2,139996768
11,1,544,18,3,139996768
11,1,545,18,4,139996768
11,1,546,18,5,139996768
11,1,547,18,6,139996768
11,1,548,18,7,139996768
11,1,549,18,8,139996768
11,1,550,18,9,139996768
11,1,551,18,10,139996768
11,1,552,18,11,139996768
11,1,571,19,0,139996768
11,1,572,19,1,139996768
11,1,573,19,2,139996768
11,1,574,19,3,139996768
11,1,575,19,4,139996768
11,1,576,19,5,139996768
11,1,577,19,6,139996768
11,1,578,19,7,139996768
11,1,579,19,8,139996768
11,1,580,19,9,139996768
11,1,581,19,10,139996768
11,1,582,19,11,139996768
11,1,583,19,12,139996768
11,1,584,19,13,139996768
11,1,601,20,0,139996768
11,1,602,20,1,139996768
11,1,603,20,2,139996768
11,1,604,20,3,139996768
11,1,605,20,4,139996768
11,1,606,20,5,139996768
11,1,607,20,6,139996768
11,1,608,20,7,139996768
11,1,609,20,8,139996768
11,1,610,20,9,139996768
11,1,611,20,10,139996768
11,1,612,20,11,139996768
11,1,613,20,12,139996768
11,1,614,20,13,139996768
11,1,615,20,14,139996768
11,1,616,20,15,139996768
11,1,631,21,0,139996768
11,1,632,21,1,139996768
11,1,633,21,2,139996768
11,1,634,21,3,139996768
11,1,635,21,4,139996768
11,1,636,21,5,139996768
11,1,637,21,6,139996768
11,1,638,21,7,139996768
11,1,639,21,8,139996768
11,1,640,21,9,139996768
11,1,641,21,10,139996768
11,1,642,21,11,139996768
11,1,821,27,10,139996768
11,2,821,27,10,139997480
11,2,642,21,11,139997480
11,2,643,21,12,139997480
11,2,644,21,13,139997480
11,2,645,21,14,139997480
11,2,646,21,15,139997480
11,2,647,21,16,139997480
11,2,661,22,0,139997480
11,2,662,22,1,139997480
11,2,663,22,2,139997480
11,2,664,22,3,139997480
11,2,665,22,4,139997480
11,2,666,22,5,139997480
11,2,667,22,6,139997480
11,2,668,22,7,139997480
11,2,669,22,8,139997480
11,2,670,22,9,139997480
11,2,671,22,10,139997480
11,2,672,22,11,139997480
11,2,673,22,12,139997480
11,2,674,22,13,139997480
11,2,675,22,14,139997480
11,2,676,22,15,139997480
11,2,677,22,16,139997480
11,2,678,22,17,139997480
11,2,691,23,0,139997480
11,2,692,23,1,139997480
11,2,693,23,2,139997480
11,2,694,23,3,139997480
11,2,695,23,4,139997480
11,2,696,23,5,139997480
11,2,697,23,6,139997480
11,2,698,23,7,139997480
11,2,699,23,8,139997480
11,2,700,23,9,139997480
11,2,701,23,10,139997480
11,2,702,23,11,139997480
11,2,703,23,12,139997480
11,2,704,23,13,139997480
11,2,705,23,14,139997480
11,2,706,23,15,139997480
11,2,707,23,16,139997480
11,2,708,23,17,139997480
11,2,721,24,0,139997480
11,2,722,24,1,139997480
11,2,723,24,2,139997480
11,2,724,24,3,139997480
11,2,725,24,4,139997480
11,2,726,24,5,139997480
11,2,727,24,6,139997480
11,2,728,24,7,139997480
11,2,729,24,8,139997480
11,2,730,24,9,139997480
11,2,731,24,10,139997480
11,2,732,24,11,139997480
11,2,733,24,12,139997480
11,2,734,24,13,139997480
11,2,735,24,14,139997480
11,2,736,24,15,139997480
11,2,737,24,16,139997480
11,2,738,24,17,139997480
11,2,739,24,18,139997480
11,2,751,25,0,139997480
11,2,752,25,1,139997480
11,2,753,25,2,139997480
11,2,754,25,3,139997480
11,2,755,25,4,139997480
11,2,756,25,5,139997480
11,2,757,25,6,139997480
11,2,758,25,7,139997480
11,2,759,25,8,139997480
11,2,821,27,10,139997480
11,3,821,27,10,139999965
11,3,759,25,8,139999965
11,3,760,25,9,139999965
11,3,761,25,10,139999965
11,3,762,25,11,139999965
11,3,763,25,12,139999965
11,3,764,25,13,139999965
11,3,765,25,14,139999965
11,3,766,25,15,139999965
11,3,767,25,16,139999965
11,3,768,25,17,139999965
11,3,769,25,18,139999965
11,3,770,25,19,139999965
11,3,781,26,0,139999965
11,3,782,26,1,139999965
11,3,783,26,2,139999965
11,3,784,26,3,139999965
11,3,785,26,4,139999965
11,3,786,26,5,139999965
11,3,787,26,6,139999965
11,3,788,26,7,139999965
11,3,789,26,8,139999965
11,3,790,26,9,139999965
11,3,791,26,10,139999965
11,3,792,26,11,139999965
11,3,793,26,12,139999965
11,3,794,26,13,139999965
11,3,795,26,14,139999965
11,3,796,26,15,139999965
11,3,797,26,16,139999965
11,3,798,26,17,139999965
11,3,811,27,0,139999965
11,3,812,27,1,139999965
11,3,813,27,2,139999965
11,3,814,27,3,139999965
11,3,815,27,4,139999965
11,3,816,27,5,139999965
11,3,817,27,6,139999965
11,3,818,27,7,139999965
11,3,819,27,8,139999965
11,3,820,27,9,139999965
11,3,821,27,10,139999965
11,3,822,27,11,139999965
11,3,823,27,12,139999965
11,3,824,27,13,139999965
11,3,825,27,14,139999965
11,3,826,27,15,139999965
11,3,827,27,16,139999965
11,3,843,28,2,139999965
11,3,844,28,3,139999965
11,3,845,28,4,139999965
11,3,846,28,5,139999965
11,3,847,28,6,139999965
11,3,848,28,7,139999965
11,3,849,28,8,139999965
11,3,850,28,9,139999965
11,3,851,28,10,139999965
11,3,852,28,11,139999965
11,3,853,28,12,139999965
11,3,854,28,13,139999965
11,3,855,28,14,139999965
11,3,856,28,15,139999965
11,3,875,29,4,139999965
11,3,876,29,5,139999965
11,3,877,29,6,139999965
11,3,878,29,7,139999965
11,3,879,29,8,139999965
11,3,880,29,9,139999965
11,3,881,29,10,139999965
11,3,882,29,11,139999965
11,3,883,29,12,139999965
11,3,884,29,13,139999965
11,3,821,27,10,139999965
11,4,821,27,10,23306527
11,4,884,29,13,23306527
11,4,907,30,6,23306527
11,4,908,30,7,23306527
11,4,909,30,8,23306527
11,4,910,30,9,23306527
11,4,911,30,10,23306527
11,4,912,30,11,23306527
11,4,913,30,12,23306527
11,4,940,31,9,23306527
11,4,941,31,10,23306527
11,4,942,31,11,23306527
11,4,821,27,10,23306527
12,1,1080,35,29,79995104
12,1,839,27,28,79995104
12,1,840,27,29,79995104
12,1,865,28,24,79995104
12,1,866,28,25,79995104
12,1,867,28,26,79995104
12,1,868,28,27,79995104
12,1,869,28,28,79995104
12,1,870,28,29,79995104
12,1,895,29,24,79995104
12,1,896,29,25,79995104
12,1,897,29,26,79995104
12,1,898,29,27,79995104
12,1,899,29,28,79995104
12,1,900,29,29,79995104
12,1,925,30,24,79995104
12,1,926,30,25,79995104
12,1,927,30,26,79995104
12,1,928,30,27,79995104
12,1,929,30,28,79995104
12,1,930,30,29,79995104
12,1,955,31,24,79995104
12,1,956,31,25,79995104
12,1,957,31,26,79995104
12,1,958,31,27,79995104
12,1,959,31,28,79995104
12,1,960,31,29,79995104
12,1,985,32,24,79995104
12,1,986,32,25,79995104
12,1,987,32,26,79995104
12,1,988,32,27,79995104
12,1,989,32,28,79995104
12,1,990,32,29,79995104
12,1,1015,33,24,79995104
12,1,1016,33,25,79995104
12,1,1017,33,26,79995104
12,1,1018,33,27,79995104
12,1,1019,33,28,79995104
12,1,1020,33,29,79995104
12,1,1045,34,24,79995104
12,1,1046,34,25,79995104
12,1,1047,34,26,79995104
12,1,1080,35,29,79995104
12,2,1080,35,29,79997782
12,2,1047,34,26,79997782
12,2,1048,34,27,79997782
12,2,1049,34,28,79997782
12,2,1050,34,29,79997782
12,2,1075,35,24,79997782
12,2,1076,35,25,79997782
12,2,1077,35,26,79997782
12,2,1078,35,27,79997782
12,2,1079,35,28,79997782
12,2,1080,35,29,79997782
12,2,1105,36,24,79997782
12,2,1106,36,25,79997782
12,2,1107,36,26,79997782
12,2,1108,36,27,79997782
12,2,1109,36,28,79997782
12,2,1110,36,29,79997782
12,2,1135,37,24,79997782
12,2,1136,37,25,79997782
12,2,1137,37,26,79997782
12,2,1138,37,27,79997782
12,2,1139,37,28,79997782
12,2,1140,37,29,79997782
12,2,1165,38,24,79997782
12,2,1166,38,25,79997782
12,2,1167,38,26,79997782
12,2,1168,38,27,79997782
12,2,1169,38,28,79997782
12,2,1170,38,29,79997782
12,2,1195,39,24,79997782
12,2,1196,39,25,79997782
12,2,1197,39,26,79997782
12,2,1198,39,27,79997782
12,2,1199,39,28,79997782
12,2,1200,39,29,79997782
12,2,1226,40,25,79997782
12,2,1227,40,26,79997782
12,2,1228,40,27,79997782
12,2,1229,40,28,79997782
12,2,1230,40,29,79997782
12,2,1080,35,29,79997782
12,3,1080,35,29,6755580
12,3,1230,40,29,6755580
12,3,1257,41,26,6755580
12,3,1258,41,27,6755580
12,3,1259,41,28,6755580
12,3,1260,41,29,6755580
12,3,1080,35,29,6755580
13,1,1464,48,23,79999369
13,1,1406,46,25,79999369
13,1,1435,47,24,79999369
13,1,1436,47,25,79999369
13,1,1437,47,26,79999369
13,1,1464,48,23,79999369
13,1,1465,48,24,79999369
13,1,1466,48,25,79999369
13,1,1467,48,26,79999369
13,1,1493,49,22,79999369
13,1,1494,49,23,79999369
13,1,1495,49,24,79999369
13,1,1496,49,25,79999369
13,1,1497,49,26,79999369
13,1,1522,50,21,79999369
13,1,1523,50,22,79999369
13,1,1524,50,23,79999369
13,1,1525,50,24,79999369
13,1,1526,50,25,79999369
13,1,1527,50,26,79999369
13,1,1551,51,20,79999369
13,1,1552,51,21,79999369
13,1,1553,51,22,79999369
13,1,1554,51,23,79999369
13,1,1555,51,24,79999369
13,1,1556,51,25,79999369
13,1,1557,51,26,79999369
13,1,1582,52,21,79999369
13,1,1583,52,22,79999369
13,1,1584,52,23,79999369
13,1,1585,52,24,79999369
13,1,1586,52,25,79999369
13,1,1587,52,26,79999369
13,1,1588,52,27,79999369
13,1,1612,53,21,79999369
13,1,1613,53,22,79999369
13,1,1614,53,23,79999369
13,1,1615,53,24,79999369
13,1,1616,53,25,79999369
13,1,1464,48,23,79999369
13,2,1464,48,23,13508729
13,2,1616,53,25,13508729
13,2,1617,53,26,13508729
13,2,1643,54,22,13508729
13,2,1644,54,23,13508729
13,2,1645,54,24,13508729
13,2,1646,54,25,13508729
13,2,1674,55,23,13508729
13,2,1675,55,24,13508729
13,2,1464,48,23,13508729
14,1,1171,39,0,79998629
14,1,961,32,0,79998629
14,1,991,33,0,79998629
14,1,992,33,1,79998629
14,1,1021,34,0,79998629
14,1,1022,34,1,79998629
14,1,1023,34,2,79998629
14,1,1051,35,0,79998629
14,1,1052,35,1,79998629
14,1,1053,35,2,79998629
14,1,1081,36,0,79998629
14,1,1082,36,1,79998629
14,1,1083,36,2,79998629
14,1,1084,36,3,79998629
14,1,1111,37,0,79998629
14,1,1112,37,1,79998629
14,1,1113,37,2,79998629
14,1,1114,37,3,79998629
14,1,1115,37,4,79998629
14,1,1141,38,0,79998629
14,1,1142,38,1,79998629
14,1,1143,38,2,79998629
14,1,1144,38,3,79998629
14,1,1145,38,4,79998629
14,1,1171,39,0,79998629
14,1,1172,39,1,79998629
14,1,1173,39,2,79998629
14,1,1174,39,3,79998629
14,1,1175,39,4,79998629
14,1,1176,39,5,79998629
14,1,1201,40,0,79998629
14,1,1202,40,1,79998629
14,1,1203,40,2,79998629
14,1,1204,40,3,79998629
14,1,1205,40,4,79998629
14,1,1206,40,5,79998629
14,1,1207,40,6,79998629
14,1,1231,41,0,79998629
14,1,1232,41,1,79998629
14,1,1233,41,2,79998629
14,1,1171,39,0,79998629
14,2,1171,39,0,41738774
14,2,1233,41,2,41738774
14,2,1234,41,3,41738774
14,2,1235,41,4,41738774
14,2,1236,41,5,41738774
14,2,1237,41,6,41738774
14,2,1238,41,7,41738774
14,2,1261,42,0,41738774
14,2,1262,42,1,41738774
14,2,1263,42,2,41738774
14,2,1264,42,3,41738774
14,2,1265,42,4,41738774
14,2,1266,42,5,41738774
14,2,1291,43,0,41738774
14,2,1292,43,1,41738774
14,2,1293,43,2,41738774
14,2,1294,43,3,41738774
14,2,1321,44,0,41738774
14,2,1322,44,1,41738774
14,2,1323,44,2,41738774
14,2,1351,45,0,41738774
14,2,1171,39,0,41738774
15,1,944,31,13,79997737
15,1,799,26,18,79997737
15,1,800,26,19,79997737
15,1,801,26,20,79997737
15,1,828,27,17,79997737
15,1,829,27,18,79997737
15,1,830,27,19,79997737
15,1,831,27,20,79997737
15,1,832,27,21,79997737
15,1,833,27,22,79997737
15,1,857,28,16,79997737
15,1,858,28,17,79997737
15,1,859,28,18,79997737
15,1,860,28,19,79997737
15,1,861,28,20,79997737
15,1,862,28,21,79997737
15,1,863,28,22,79997737
15,1,885,29,14,79997737
15,1,886,29,15,79997737
15,1,887,29,16,79997737
15,1,888,29,17,79997737
15,1,889,29,18,79997737
15,1,890,29,19,79997737
15,1,891,29,20,79997737
15,1,892,29,21,79997737
15,1,914,30,13,79997737
15,1,915,30,14,79997737
15,1,916,30,15,79997737
15,1,917,30,16,79997737
15,1,918,30,17,79997737
15,1,919,30,18,79997737
15,1,920,30,19,79997737
15,1,921,30,20,79997737
15,1,943,31,12,79997737
15,1,944,31,13,79997737
15,1,945,31,14,79997737
15,1,946,31,15,79997737
15,1,947,31,16,79997737
15,1,948,31,17,79997737
15,1,949,31,18,79997737
15,1,950,31,19,79997737
15,1,944,31,13,79997737
15,2,944,31,13,51953756
15,2,950,31,19,51953756
15,2,972,32,11,51953756
15,2,973,32,12,51953756
15,2,974,32,13,51953756
15,2,975,32,14,51953756
15,2,976,32,15,51953756
15,2,977,32,16,51953756
15,2,978,32,17,51953756
15,2,979,32,18,51953756
15,2,1002,33,11,51953756
15,2,1003,33,12,51953756
15,2,1004,33,13,51953756
15,2,1005,33,14,51953756
15,2,1006,33,15,51953756
15,2,1007,33,16,51953756
15,2,1008,33,17,51953756
15,2,1033,34,12,51953756
15,2,1034,34,13,51953756
15,2,1035,34,14,51953756
15,2,1036,34,15,51953756
15,2,1037,34,16,51953756
15,2,1063,35,12,51953756
15,2,1064,35,13,51953756
15,2,1065,35,14,51953756
15,2,1066,35,15,51953756
15,2,1094,36,13,51953756
15,2,1095,36,14,51953756
15,2,1124,37,13,51953756
15,2,944,31,13,51953756
16,1,1028,34,7,79999528
16,1,841,28,0,79999528
16,1,842,28,1,79999528
16,1,871,29,0,79999528
16,1,872,29,1,79999528
16,1,873,29,2,79999528
16,1,874,29,3,79999528
16,1,901,30,0,79999528
16,1,902,30,1,79999528
16,1,903,30,2,79999528
16,1,904,30,3,79999528
16,1,905,30,4,79999528
16,1,906,30,5,79999528
16,1,931,31,0,79999528
16,1,932,31,1,79999528
16,1,933,31,2,79999528
16,1,934,31,3,79999528
16,1,935,31,4,79999528
16,1,936,31,5,79999528
16,1,937,31,6,79999528
16,1,938,31,7,79999528
16,1,939,31,8,79999528
16,1,962,32,1,79999528
16,1,963,32,2,79999528
16,1,964,32,3,79999528
16,1,965,32,4,79999528
16,1,966,32,5,79999528
16,1,967,32,6,79999528
16,1,968,32,7,79999528
16,1,969,32,8,79999528
16,1,970,32,9,79999528
16,1,971,32,10,79999528
16,1,993,33,2,79999528
16,1,994,33,3,79999528
16,1,995,33,4,79999528
16,1,996,33,5,79999528
16,1,997,33,6,79999528
16,1,998,33,7,79999528
16,1,999,33,8,79999528
16,1,1028,34,7,79999528
16,2,1028,34,7,79997435
16,2,999,33,8,79997435
16,2,1000,33,9,79997435
16,2,1001,33,10,79997435
16,2,1024,34,3,79997435
16,2,1025,34,4,79997435
16,2,1026,34,5,79997435
16,2,1027,34,6,79997435
16,2,1028,34,7,79997435
16,2,1029,34,8,79997435
16,2,1030,34,9,79997435
16,2,1031,34,10,79997435
16,2,1032,34,11,79997435
16,2,1054,35,3,79997435
16,2,1055,35,4,79997435
16,2,1056,35,5,79997435
16,2,1057,35,6,79997435
16,2,1058,35,7,79997435
16,2,1059,35,8,79997435
16,2,1060,35,9,79997435
16,2,1061,35,10,79997435
16,2,1062,35,11,79997435
16,2,1085,36,4,79997435
16,2,1086,36,5,79997435
16,2,1087,36,6,79997435
16,2,1088,36,7,79997435
16,2,1089,36,8,79997435
16,2,1090,36,9,79997435
16,2,1091,36,10,79997435
16,2,1092,36,11,79997435
16,2,1093,36,12,79997435
16,2,1116,37,5,79997435
16,2,1117,37,6,79997435
16,2,1118,37,7,79997435
16,2,1119,37,8,79997435
16,2,1120,37,9,79997435
16,2,1121,37,10,79997435
16,2,1122,37,11,79997435
16,2,1123,37,12,79997435
16,2,1146,38,5,79997435
16,2,1028,34,7,79997435
16,3,1028,34,7,64944282
16,3,1146,38,5,64944282
16,3,1147,38,6,64944282
16,3,1148,38,7,64944282
16,3,1149,38,8,64944282
16,3,1150,38,9,64944282
16,3,1151,38,10,64944282
16,3,1152,38,11,64944282
16,3,1153,38,12,64944282
16,3,1177,39,6,64944282
16,3,1178,39,7,64944282
16,3,1179,39,8,64944282
16,3,1180,39,9,64944282
16,3,1181,39,10,64944282
16,3,1182,39,11,64944282
16,3,1183,39,12,64944282
16,3,1208,40,7,64944282
16,3,1209,40,8,64944282
16,3,1210,40,9,64944282
16,3,1211,40,10,64944282
16,3,1212,40,11,64944282
16,3,1213,40,12,64944282
16,3,1239,41,8,64944282
16,3,1240,41,9,64944282
16,3,1241,41,10,64944282
16,3,1242,41,11,64944282
16,3,1243,41,12,64944282
16,3,1272,42,11,64944282
16,3,1273,42,12,64944282
16,3,1028,34,7,64944282
17,1,1068,35,17,79987720
17,1,864,28,23,79987720
17,1,893,29,22,79987720
17,1,894,29,23,79987720
17,1,922,30,21,79987720
17,1,923,30,22,79987720
17,1,924,30,23,79987720
17,1,951,31,20,79987720
17,1,952,31,21,79987720
17,1,953,31,22,79987720
17,1,954,31,23,79987720
17,1,980,32,19,79987720
17,1,981,32,20,79987720
17,1,982,32,21,79987720
17,1,983,32,22,79987720
17,1,984,32,23,79987720
17,1,1009,33,18,79987720
17,1,1010,33,19,79987720
17,1,1011,33,20,79987720
17,1,1012,33,21,79987720
17,1,1013,33,22,79987720
17,1,1014,33,23,79987720
17,1,1038,34,17,79987720
17,1,1039,34,18,79987720
17,1,1040,34,19,79987720
17,1,1041,34,20,79987720
17,1,1042,34,21,79987720
17,1,1043,34,22,79987720
17,1,1044,34,23,79987720
17,1,1067,35,16,79987720
17,1,1068,35,17,79987720
17,1,1069,35,18,79987720
17,1,1070,35,19,79987720
17,1,1071,35,20,79987720
17,1,1072,35,21,79987720
17,1,1073,35,22,79987720
17,1,1074,35,23,79987720
17,1,1096,36,15,79987720
17,1,1097,36,16,79987720
17,1,1098,36,17,79987720
17,1,1099,36,18,79987720
17,1,1068,35,17,79987720
17,2,1068,35,17,79999641
17,2,1099,36,18,79999641
17,2,1100,36,19,79999641
17,2,1101,36,20,79999641
17,2,1102,36,21,79999641
17,2,1103,36,22,79999641
17,2,1104,36,23,79999641
17,2,1125,37,14,79999641
17,2,1126,37,15,79999641
17,2,1127,37,16,79999641
17,2,1128,37,17,79999641
17,2,1129,37,18,79999641
17,2,1130,37,19,79999641
17,2,1131,37,20,79999641
17,2,1132,37,21,79999641
17,2,1133,37,22,79999641
17,2,1134,37,23,79999641
17,2,1154,38,13,79999641
17,2,1155,38,14,79999641
17,2,1156,38,15,79999641
17,2,1157,38,16,79999641
17,2,1158,38,17,79999641
17,2,1159,38,18,79999641
17,2,1160,38,19,79999641
17,2,1161,38,20,79999641
17,2,1162,38,21,79999641
17,2,1163,38,22,79999641
17,2,1164,38,23,79999641
17,2,1184,39,13,79999641
17,2,1185,39,14,79999641
17,2,1186,39,15,79999641
17,2,1187,39,16,79999641
17,2,1188,39,17,79999641
17,2,1189,39,18,79999641
17,2,1190,39,19,79999641
17,2,1191,39,20,79999641
17,2,1192,39,21,79999641
17,2,1193,39,22,79999641
17,2,1194,39,23,79999641
17,2,1214,40,13,79999641
17,2,1215,40,14,79999641
17,2,1068,35,17,79999641
17,3,1068,35,17,42695779
17,3,1215,40,14,42695779
17,3,1216,40,15,42695779
17,3,1217,40,16,42695779
17,3,1218,40,17,42695779
17,3,1219,40,18,42695779
17,3,1220,40,19,42695779
17,3,1221,40,20,42695779
17,3,1222,40,21,42695779
17,3,1223,40,22,42695779
17,3,1244,41,13,42695779
17,3,1245,41,14,42695779
17,3,1246,41,15,42695779
17,3,1247,41,16,42695779
17,3,1248,41,17,42695779
17,3,1249,41,18,42695779
17,3,1250,41,19,42695779
17,3,1274,42,13,42695779
17,3,1275,42,14,42695779
17,3,1276,42,15,42695779
17,3,1277,42,16,42695779
17,3,1068,35,17,42695779
