Unnamed: 0,id_zona,id_producto,venta_digital,dia,id_tienda,inventario,inventario_digital
850297,839,566,0,5,12,-1,-1
851311,840,566,0,5,12,-1,-1
876661,865,566,0,5,12,-1,-1
877675,866,566,0,5,12,-1,-1
878689,867,566,0,5,12,-1,-1
879703,868,566,0,5,12,-1,-1
880717,869,566,0,5,12,-1,-1
881731,870,566,0,5,12,-1,-1
907081,895,566,0,5,12,-1,-1
908095,896,566,0,5,12,-1,-1
909109,897,566,0,5,12,-1,-1
910123,898,566,0,5,12,-1,-1
911137,899,566,0,5,12,-1,-1
912151,900,566,0,5,12,-1,-1
937501,925,566,0,5,12,-1,-1
938515,926,566,0,5,12,-1,-1
939529,927,566,0,5,12,-1,-1
940543,928,566,0,5,12,-1,-1
941557,929,566,0,5,12,-1,-1
942571,930,566,0,5,12,-1,-1
967921,955,566,0,5,12,-1,-1
968935,956,566,0,5,12,-1,-1
969949,957,566,0,5,12,-1,-1
970963,958,566,0,5,12,-1,-1
971977,959,566,0,5,12,-1,-1
972991,960,566,0,5,12,-1,-1
998341,985,566,0,5,12,-1,-1
999355,986,566,0,5,12,-1,-1
1000369,987,566,0,5,12,-1,-1
1001383,988,566,0,5,12,-1,-1
1002397,989,566,0,5,12,-1,-1
1003411,990,566,0,5,12,-1,-1
1028761,1015,566,0,5,12,-1,-1
1029775,1016,566,0,5,12,-1,-1
1030789,1017,566,0,5,12,-1,-1
1031803,1018,566,0,5,12,-1,-1
1032817,1019,566,0,5,12,-1,-1
1033831,1020,566,0,5,12,-1,-1
1059181,1045,566,0,5,12,-1,-1
1060195,1046,566,0,5,12,-1,-1
1061209,1047,566,0,5,12,-1,-1
1062223,1048,566,0,5,12,-1,-1
1063237,1049,566,0,5,12,-1,-1
1064251,1050,566,0,5,12,-1,-1
1089601,1075,566,0,5,12,-1,-1
1090615,1076,566,0,5,12,-1,-1
1091629,1077,566,0,5,12,-1,-1
1092643,1078,566,0,5,12,-1,-1
1093657,1079,566,0,5,12,-1,-1
1094671,1080,566,0,5,12,-1,-1
1120021,1105,566,0,5,12,-1,-1
1121035,1106,566,0,5,12,-1,-1
1122049,1107,566,0,5,12,-1,-1
1123063,1108,566,0,5,12,-1,-1
1124077,1109,566,0,5,12,-1,-1
1125091,1110,566,0,5,12,-1,-1
1150441,1135,566,0,5,12,-1,-1
1151455,1136,566,0,5,12,-1,-1
1152469,1137,566,0,5,12,-1,-1
1153483,1138,566,0,5,12,-1,-1
1154497,1139,566,0,5,12,-1,-1
1155511,1140,566,0,5,12,-1,-1
1180861,1165,566,0,5,12,-1,-1
1181875,1166,566,0,5,12,-1,-1
1182889,1167,566,0,5,12,-1,-1
1183903,1168,566,0,5,12,-1,-1
1184917,1169,566,0,5,12,-1,-1
1185931,1170,566,0,5,12,-1,-1
1211281,1195,566,0,5,12,-1,-1
1212295,1196,566,0,5,12,-1,-1
1213309,1197,566,0,5,12,-1,-1
1214323,1198,566,0,5,12,-1,-1
1215337,1199,566,0,5,12,-1,-1
1216351,1200,566,0,5,12,-1,-1
1242715,1226,566,0,5,12,-1,-1
1243729,1227,566,0,5,12,-1,-1
1244743,1228,566,0,5,12,-1,-1
1245757,1229,566,0,5,12,-1,-1
1246771,1230,566,0,5,12,-1,-1
1274149,1257,566,0,5,12,-1,-1
1275163,1258,566,0,5,12,-1,-1
1276177,1259,566,0,5,12,-1,-1
1277191,1260,566,0,5,12,-1,-1
118,1,119,0,10,6,-1,-1
1132,2,119,0,10,6,-1,-1
2146,3,119,0,10,6,-1,-1
3160,4,119,0,10,6,-1,-1
4174,5,119,0,10,6,-1,-1
5188,6,119,0,10,6,-1,-1
6202,7,119,0,10,6,-1,-1
7216,8,119,0,10,6,-1,-1
8230,9,119,0,10,6,-1,-1
9244,10,119,0,10,6,-1,-1
10258,11,119,0,10,6,-1,-1
11272,12,119,0,10,6,-1,-1
12286,13,119,0,10,6,-1,-1
13300,14,119,0,10,6,-1,-1
14314,15,119,0,10,6,-1,-1
15328,16,119,0,10,6,-1,-1
30538,31,119,0,10,6,-1,-1
31552,32,119,0,10,6,-1,-1
32566,33,119,0,10,6,-1,-1
33580,34,119,0,10,6,-1,-1
34594,35,119,0,10,6,-1,-1
35608,36,119,0,10,6,-1,-1
36622,37,119,0,10,6,-1,-1
37636,38,119,0,10,6,-1,-1
38650,39,119,0,10,6,-1,-1
39664,40,119,0,10,6,-1,-1
40678,41,119,0,10,6,-1,-1
41692,42,119,0,10,6,-1,-1
42706,43,119,0,10,6,-1,-1
43720,44,119,0,10,6,-1,-1
44734,45,119,0,10,6,-1,-1
60958,61,119,0,10,6,-1,-1
61972,62,119,0,10,6,-1,-1
62986,63,119,0,10,6,-1,-1
64000,64,119,0,10,6,-1,-1
65014,65,119,0,10,6,-1,-1
66028,66,119,0,10,6,-1,-1
67042,67,119,0,10,6,-1,-1
68056,68,119,0,10,6,-1,-1
69070,69,119,0,10,6,-1,-1
70084,70,119,0,10,6,-1,-1
71098,71,119,0,10,6,-1,-1
72112,72,119,0,10,6,-1,-1
73126,73,119,0,10,6,-1,-1
74140,74,119,0,10,6,-1,-1
75154,75,119,0,10,6,-1,-1
91378,91,119,0,10,6,-1,-1
92392,92,119,0,10,6,-1,-1
93406,93,119,0,10,6,-1,-1
94420,94,119,0,10,6,-1,-1
95434,95,119,0,10,6,-1,-1
96448,96,119,0,10,6,-1,-1
97462,97,119,0,10,6,-1,-1
98476,98,119,0,10,6,-1,-1
99490,99,119,0,10,6,-1,-1
100504,100,119,0,10,6,-1,-1
101518,101,119,0,10,6,-1,-1
102532,102,119,0,10,6,-1,-1
103546,103,119,0,10,6,-1,-1
104560,104,119,0,10,6,-1,-1
121798,121,119,0,10,6,-1,-1
122812,122,119,0,10,6,-1,-1
123826,123,119,0,10,6,-1,-1
124840,124,119,0,10,6,-1,-1
125854,125,119,0,10,6,-1,-1
126868,126,119,0,10,6,-1,-1
127882,127,119,0,10,6,-1,-1
128896,128,119,0,10,6,-1,-1
129910,129,119,0,10,6,-1,-1
130924,130,119,0,10,6,-1,-1
131938,131,119,0,10,6,-1,-1
132952,132,119,0,10,6,-1,-1
133966,133,119,0,10,6,-1,-1
134980,134,119,0,10,6,-1,-1
152218,151,119,0,10,6,-1,-1
153232,152,119,0,10,6,-1,-1
154246,153,119,0,10,6,-1,-1
155260,154,119,0,10,6,-1,-1
156274,155,119,0,10,6,-1,-1
157288,156,119,0,10,6,-1,-1
158302,157,119,0,10,6,-1,-1
159316,158,119,0,10,6,-1,-1
160330,159,119,0,10,6,-1,-1
161344,160,119,0,10,6,-1,-1
162358,161,119,0,10,6,-1,-1
163372,162,119,0,10,6,-1,-1
164386,163,119,0,10,6,-1,-1
182638,181,119,0,10,6,-1,-1
183652,182,119,0,10,6,-1,-1
184666,183,119,0,10,6,-1,-1
185680,184,119,0,10,6,-1,-1
186694,185,119,0,10,6,-1,-1
187708,186,119,0,10,6,-1,-1
188722,187,119,0,10,6,-1,-1
189736,188,119,0,10,6,-1,-1
190750,189,119,0,10,6,-1,-1
191764,190,119,0,10,6,-1,-1
192778,191,119,0,10,6,-1,-1
193792,192,119,0,10,6,-1,-1
213058,211,119,0,10,6,-1,-1
214072,212,119,0,10,6,-1,-1
215086,213,119,0,10,6,-1,-1
216100,214,119,0,10,6,-1,-1
217114,215,119,0,10,6,-1,-1
218128,216,119,0,10,6,-1,-1
219142,217,119,0,10,6,-1,-1
220156,218,119,0,10,6,-1,-1
221170,219,119,0,10,6,-1,-1
222184,220,119,0,10,6,-1,-1
223198,221,119,0,10,6,-1,-1
224212,222,119,0,10,6,-1,-1
243478,241,119,0,10,6,-1,-1
244492,242,119,0,10,6,-1,-1
245506,243,119,0,10,6,-1,-1
246520,244,119,0,10,6,-1,-1
247534,245,119,0,10,6,-1,-1
248548,246,119,0,10,6,-1,-1
249562,247,119,0,10,6,-1,-1
250576,248,119,0,10,6,-1,-1
251590,249,119,0,10,6,-1,-1
252604,250,119,0,10,6,-1,-1
253618,251,119,0,10,6,-1,-1
273898,271,119,0,10,6,-1,-1
274912,272,119,0,10,6,-1,-1
275926,273,119,0,10,6,-1,-1
276940,274,119,0,10,6,-1,-1
277954,275,119,0,10,6,-1,-1
278968,276,119,0,10,6,-1,-1
279982,277,119,0,10,6,-1,-1
280996,278,119,0,10,6,-1,-1
282010,279,119,0,10,6,-1,-1
283024,280,119,0,10,6,-1,-1
284038,281,119,0,10,6,-1,-1
304318,301,119,0,10,6,-1,-1
305332,302,119,0,10,6,-1,-1
306346,303,119,0,10,6,-1,-1
307360,304,119,0,10,6,-1,-1
308374,305,119,0,10,6,-1,-1
309388,306,119,0,10,6,-1,-1
310402,307,119,0,10,6,-1,-1
311416,308,119,0,10,6,-1,-1
312430,309,119,0,10,6,-1,-1
313444,310,119,0,10,6,-1,-1
334738,331,119,0,10,6,-1,-1
335752,332,119,0,10,6,-1,-1
336766,333,119,0,10,6,-1,-1
337780,334,119,0,10,6,-1,-1
338794,335,119,0,10,6,-1,-1
339808,336,119,0,10,6,-1,-1
340822,337,119,0,10,6,-1,-1
341836,338,119,0,10,6,-1,-1
342850,339,119,0,10,6,-1,-1
365158,361,119,0,10,6,-1,-1
366172,362,119,0,10,6,-1,-1
367186,363,119,0,10,6,-1,-1
368200,364,119,0,10,6,-1,-1
369214,365,119,0,10,6,-1,-1
370228,366,119,0,10,6,-1,-1
371242,367,119,0,10,6,-1,-1
372256,368,119,0,10,6,-1,-1
373270,369,119,0,10,6,-1,-1
395578,391,119,0,10,6,-1,-1
396592,392,119,0,10,6,-1,-1
397606,393,119,0,10,6,-1,-1
398620,394,119,0,10,6,-1,-1
399634,395,119,0,10,6,-1,-1
400648,396,119,0,10,6,-1,-1
401662,397,119,0,10,6,-1,-1
402676,398,119,0,10,6,-1,-1
425998,421,119,0,10,6,-1,-1
427012,422,119,0,10,6,-1,-1
428026,423,119,0,10,6,-1,-1
429040,424,119,0,10,6,-1,-1
430054,425,119,0,10,6,-1,-1
431068,426,119,0,10,6,-1,-1
432082,427,119,0,10,6,-1,-1
433096,428,119,0,10,6,-1,-1
456418,451,119,0,10,6,-1,-1
457432,452,119,0,10,6,-1,-1
458446,453,119,0,10,6,-1,-1
459460,454,119,0,10,6,-1,-1
460474,455,119,0,10,6,-1,-1
461488,456,119,0,10,6,-1,-1
462502,457,119,0,10,6,-1,-1
486838,481,119,0,10,6,-1,-1
487852,482,119,0,10,6,-1,-1
488866,483,119,0,10,6,-1,-1
489880,484,119,0,10,6,-1,-1
517258,511,119,0,10,6,-1,-1
1305286,1288,269,0,10,2,-1,-1
1306300,1289,269,0,10,2,-1,-1
1307314,1290,269,0,10,2,-1,-1
1334692,1317,269,0,10,2,-1,-1
1335706,1318,269,0,10,2,-1,-1
1336720,1319,269,0,10,2,-1,-1
1337734,1320,269,0,10,2,-1,-1
1365112,1347,269,0,10,2,-1,-1
1366126,1348,269,0,10,2,-1,-1
1367140,1349,269,0,10,2,-1,-1
1368154,1350,269,0,10,2,-1,-1
1395532,1377,269,0,10,2,-1,-1
1396546,1378,269,0,10,2,-1,-1
1397560,1379,269,0,10,2,-1,-1
1398574,1380,269,0,10,2,-1,-1
1425952,1407,269,0,10,2,-1,-1
1426966,1408,269,0,10,2,-1,-1
1427980,1409,269,0,10,2,-1,-1
1428994,1410,269,0,10,2,-1,-1
1457386,1438,269,0,10,2,-1,-1
1458400,1439,269,0,10,2,-1,-1
1459414,1440,269,0,10,2,-1,-1
1487806,1468,269,0,10,2,-1,-1
1488820,1469,269,0,10,2,-1,-1
1489834,1470,269,0,10,2,-1,-1
1518226,1498,269,0,10,2,-1,-1
1519240,1499,269,0,10,2,-1,-1
1520254,1500,269,0,10,2,-1,-1
1548646,1528,269,0,10,2,-1,-1
1549660,1529,269,0,10,2,-1,-1
1550674,1530,269,0,10,2,-1,-1
1579066,1558,269,0,10,2,-1,-1
1580080,1559,269,0,10,2,-1,-1
1581094,1560,269,0,10,2,-1,-1
1610500,1589,269,0,10,2,-1,-1
1611514,1590,269,0,10,2,-1,-1
875647,864,566,0,20,17,-1,-1
905053,893,566,0,20,17,-1,-1
906067,894,566,0,20,17,-1,-1
934459,922,566,0,20,17,-1,-1
935473,923,566,0,20,17,-1,-1
936487,924,566,0,20,17,-1,-1
963865,951,566,0,20,17,-1,-1
964879,952,566,0,20,17,-1,-1
965893,953,566,0,20,17,-1,-1
966907,954,566,0,20,17,-1,-1
993271,980,566,0,20,17,-1,-1
994285,981,566,0,20,17,-1,-1
995299,982,566,0,20,17,-1,-1
996313,983,566,0,20,17,-1,-1
997327,984,566,0,20,17,-1,-1
1022677,1009,566,0,20,17,-1,-1
1023691,1010,566,0,20,17,-1,-1
1024705,1011,566,0,20,17,-1,-1
1025719,1012,566,0,20,17,-1,-1
1026733,1013,566,0,20,17,-1,-1
1027747,1014,566,0,20,17,-1,-1
1052083,1038,566,0,20,17,-1,-1
1053097,1039,566,0,20,17,-1,-1
1054111,1040,566,0,20,17,-1,-1
1055125,1041,566,0,20,17,-1,-1
1056139,1042,566,0,20,17,-1,-1
1057153,1043,566,0,20,17,-1,-1
1058167,1044,566,0,20,17,-1,-1
1081489,1067,566,0,20,17,-1,-1
1082503,1068,566,0,20,17,-1,-1
1083517,1069,566,0,20,17,-1,-1
1084531,1070,566,0,20,17,-1,-1
1085545,1071,566,0,20,17,-1,-1
1086559,1072,566,0,20,17,-1,-1
1087573,1073,566,0,20,17,-1,-1
1088587,1074,566,0,20,17,-1,-1
1110895,1096,566,0,20,17,-1,-1
1111909,1097,566,0,20,17,-1,-1
1112923,1098,566,0,20,17,-1,-1
1113937,1099,566,0,20,17,-1,-1
1114951,1100,566,0,20,17,-1,-1
1115965,1101,566,0,20,17,-1,-1
1116979,1102,566,0,20,17,-1,-1
1117993,1103,566,0,20,17,-1,-1
1119007,1104,566,0,20,17,-1,-1
1140301,1125,566,0,20,17,-1,-1
1141315,1126,566,0,20,17,-1,-1
1142329,1127,566,0,20,17,-1,-1
1143343,1128,566,0,20,17,-1,-1
1144357,1129,566,0,20,17,-1,-1
1145371,1130,566,0,20,17,-1,-1
1146385,1131,566,0,20,17,-1,-1
1147399,1132,566,0,20,17,-1,-1
1148413,1133,566,0,20,17,-1,-1
1149427,1134,566,0,20,17,-1,-1
1169707,1154,566,0,20,17,-1,-1
1170721,1155,566,0,20,17,-1,-1
1171735,1156,566,0,20,17,-1,-1
1172749,1157,566,0,20,17,-1,-1
1173763,1158,566,0,20,17,-1,-1
1174777,1159,566,0,20,17,-1,-1
1175791,1160,566,0,20,17,-1,-1
1176805,1161,566,0,20,17,-1,-1
1177819,1162,566,0,20,17,-1,-1
1178833,1163,566,0,20,17,-1,-1
1179847,1164,566,0,20,17,-1,-1
1200127,1184,566,0,20,17,-1,-1
1201141,1185,566,0,20,17,-1,-1
1202155,1186,566,0,20,17,-1,-1
1203169,1187,566,0,20,17,-1,-1
1204183,1188,566,0,20,17,-1,-1
1205197,1189,566,0,20,17,-1,-1
1206211,1190,566,0,20,17,-1,-1
1207225,1191,566,0,20,17,-1,-1
1208239,1192,566,0,20,17,-1,-1
1209253,1193,566,0,20,17,-1,-1
1210267,1194,566,0,20,17,-1,-1
1230547,1214,566,0,20,17,-1,-1
1231561,1215,566,0,20,17,-1,-1
1232575,1216,566,0,20,17,-1,-1
1233589,1217,566,0,20,17,-1,-1
1234603,1218,566,0,20,17,-1,-1
1235617,1219,566,0,20,17,-1,-1
1236631,1220,566,0,20,17,-1,-1
1237645,1221,566,0,20,17,-1,-1
1238659,1222,566,0,20,17,-1,-1
1239673,1223,566,0,20,17,-1,-1
1260967,1244,566,0,20,17,-1,-1
1261981,1245,566,0,20,17,-1,-1
1262995,1246,566,0,20,17,-1,-1
1264009,1247,566,0,20,17,-1,-1
1265023,1248,566,0,20,17,-1,-1
1266037,1249,566,0,20,17,-1,-1
1267051,1250,566,0,20,17,-1,-1
1291387,1274,566,0,20,17,-1,-1
1292401,1275,566,0,20,17,-1,-1
1293415,1276,566,0,20,17,-1,-1
1294429,1277,566,0,20,17,-1,-1
1424938,1406,269,0,20,13,-2,-2
1454344,1435,269,0,20,13,-2,-2
1455358,1436,269,0,20,13,-2,-2
1456372,1437,269,0,20,13,-2,-2
1483750,1464,269,0,20,13,-2,-2
1484764,1465,269,0,20,13,-2,-2
1485778,1466,269,0,20,13,-2,-2
1486792,1467,269,0,20,13,-2,-2
1513156,1493,269,0,20,13,-2,-2
1514170,1494,269,0,20,13,-2,-2
1515184,1495,269,0,20,13,-2,-2
1516198,1496,269,0,20,13,-2,-2
1517212,1497,269,0,20,13,-2,-2
1542562,1522,269,0,20,13,-2,-2
1543576,1523,269,0,20,13,-2,-2
1544590,1524,269,0,20,13,-2,-2
1545604,1525,269,0,20,13,-2,-2
1546618,1526,269,0,20,13,-2,-2
1547632,1527,269,0,20,13,-2,-2
1571968,1551,269,0,20,13,-2,-2
1572982,1552,269,0,20,13,-2,-2
1573996,1553,269,0,20,13,-2,-2
1575010,1554,269,0,20,13,-2,-2
1576024,1555,269,0,20,13,-2,-2
1577038,1556,269,0,20,13,-2,-2
1578052,1557,269,0,20,13,-2,-2
1603402,1582,269,0,20,13,-2,-2
1604416,1583,269,0,20,13,-2,-2
1605430,1584,269,0,20,13,-2,-2
1606444,1585,269,0,20,13,-2,-2
1607458,1586,269,0,20,13,-2,-2
1608472,1587,269,0,20,13,-2,-2
1609486,1588,269,0,20,13,-2,-2
1633822,1612,269,0,20,13,-2,-2
1634836,1613,269,0,20,13,-2,-2
1635850,1614,269,0,20,13,-2,-2
1636864,1615,269,0,20,13,-2,-2
1637878,1616,269,0,20,13,-2,-2
1638892,1617,269,0,20,13,-2,-2
1665256,1643,269,0,20,13,-2,-2
1666270,1644,269,0,20,13,-2,-2
1667284,1645,269,0,20,13,-2,-2
1668298,1646,269,0,20,13,-2,-2
1696690,1674,269,0,20,13,-2,-2
1697704,1675,269,0,20,13,-2,-2
852325,841,566,0,23,16,-1,-1
853339,842,566,0,23,16,-1,-1
882745,871,566,0,23,16,-1,-1
883759,872,566,0,23,16,-1,-1
884773,873,566,0,23,16,-1,-1
885787,874,566,0,23,16,-1,-1
913165,901,566,0,23,16,-1,-1
914179,902,566,0,23,16,-1,-1
915193,903,566,0,23,16,-1,-1
916207,904,566,0,23,16,-1,-1
917221,905,566,0,23,16,-1,-1
918235,906,566,0,23,16,-1,-1
943585,931,566,0,23,16,-1,-1
944599,932,566,0,23,16,-1,-1
945613,933,566,0,23,16,-1,-1
946627,934,566,0,23,16,-1,-1
947641,935,566,0,23,16,-1,-1
948655,936,566,0,23,16,-1,-1
949669,937,566,0,23,16,-1,-1
950683,938,566,0,23,16,-1,-1
951697,939,566,0,23,16,-1,-1
975019,962,566,0,23,16,-1,-1
976033,963,566,0,23,16,-1,-1
977047,964,566,0,23,16,-1,-1
978061,965,566,0,23,16,-1,-1
979075,966,566,0,23,16,-1,-1
980089,967,566,0,23,16,-1,-1
981103,968,566,0,23,16,-1,-1
982117,969,566,0,23,16,-1,-1
983131,970,566,0,23,16,-1,-1
984145,971,566,0,23,16,-1,-1
1006453,993,566,0,23,16,-1,-1
1007467,994,566,0,23,16,-1,-1
1008481,995,566,0,23,16,-1,-1
1009495,996,566,0,23,16,-1,-1
1010509,997,566,0,23,16,-1,-1
1011523,998,566,0,23,16,-1,-1
1012537,999,566,0,23,16,-1,-1
1013551,1000,566,0,23,16,-1,-1
1014565,1001,566,0,23,16,-1,-1
1037887,1024,566,0,23,16,-1,-1
1038901,1025,566,0,23,16,-1,-1
1039915,1026,566,0,23,16,-1,-1
1040929,1027,566,0,23,16,-1,-1
1041943,1028,566,0,23,16,-1,-1
1042957,1029,566,0,23,16,-1,-1
1043971,1030,566,0,23,16,-1,-1
1044985,1031,566,0,23,16,-1,-1
1045999,1032,566,0,23,16,-1,-1
1068307,1054,566,0,23,16,-1,-1
1069321,1055,566,0,23,16,-1,-1
1070335,1056,566,0,23,16,-1,-1
1071349,1057,566,0,23,16,-1,-1
1072363,1058,566,0,23,16,-1,-1
1073377,1059,566,0,23,16,-1,-1
1074391,1060,566,0,23,16,-1,-1
1075405,1061,566,0,23,16,-1,-1
1076419,1062,566,0,23,16,-1,-1
1099741,1085,566,0,23,16,-1,-1
1100755,1086,566,0,23,16,-1,-1
1101769,1087,566,0,23,16,-1,-1
1102783,1088,566,0,23,16,-1,-1
1103797,1089,566,0,23,16,-1,-1
1104811,1090,566,0,23,16,-1,-1
1105825,1091,566,0,23,16,-1,-1
1106839,1092,566,0,23,16,-1,-1
1107853,1093,566,0,23,16,-1,-1
1131175,1116,566,0,23,16,-1,-1
1132189,1117,566,0,23,16,-1,-1
1133203,1118,566,0,23,16,-1,-1
1134217,1119,566,0,23,16,-1,-1
1135231,1120,566,0,23,16,-1,-1
1136245,1121,566,0,23,16,-1,-1
1137259,1122,566,0,23,16,-1,-1
1138273,1123,566,0,23,16,-1,-1
1161595,1146,566,0,23,16,-1,-1
1162609,1147,566,0,23,16,-1,-1
1163623,1148,566,0,23,16,-1,-1
1164637,1149,566,0,23,16,-1,-1
1165651,1150,566,0,23,16,-1,-1
1166665,1151,566,0,23,16,-1,-1
1167679,1152,566,0,23,16,-1,-1
1168693,1153,566,0,23,16,-1,-1
1193029,1177,566,0,23,16,-1,-1
1194043,1178,566,0,23,16,-1,-1
1195057,1179,566,0,23,16,-1,-1
1196071,1180,566,0,23,16,-1,-1
1197085,1181,566,0,23,16,-1,-1
1198099,1182,566,0,23,16,-1,-1
1199113,1183,566,0,23,16,-1,-1
1224463,1208,566,0,23,16,-1,-1
1225477,1209,566,0,23,16,-1,-1
1226491,1210,566,0,23,16,-1,-1
1227505,1211,566,0,23,16,-1,-1
1228519,1212,566,0,23,16,-1,-1
1229533,1213,566,0,23,16,-1,-1
1255897,1239,566,0,23,16,-1,-1
1256911,1240,566,0,23,16,-1,-1
1257925,1241,566,0,23,16,-1,-1
1258939,1242,566,0,23,16,-1,-1
1259953,1243,566,0,23,16,-1,-1
1289359,1272,566,0,23,16,-1,-1
1290373,1273,566,0,23,16,-1,-1
852325,841,566,0,24,16,-2,-2
853339,842,566,0,24,16,-2,-2
882745,871,566,0,24,16,-2,-2
883759,872,566,0,24,16,-2,-2
884773,873,566,0,24,16,-2,-2
885787,874,566,0,24,16,-2,-2
913165,901,566,0,24,16,-2,-2
914179,902,566,0,24,16,-2,-2
915193,903,566,0,24,16,-2,-2
916207,904,566,0,24,16,-2,-2
917221,905,566,0,24,16,-2,-2
918235,906,566,0,24,16,-2,-2
943585,931,566,0,24,16,-2,-2
944599,932,566,0,24,16,-2,-2
945613,933,566,0,24,16,-2,-2
946627,934,566,0,24,16,-2,-2
947641,935,566,0,24,16,-2,-2
948655,936,566,0,24,16,-2,-2
949669,937,566,0,24,16,-2,-2
950683,938,566,0,24,16,-2,-2
951697,939,566,0,24,16,-2,-2
975019,962,566,0,24,16,-2,-2
976033,963,566,0,24,16,-2,-2
977047,964,566,0,24,16,-2,-2
978061,965,566,0,24,16,-2,-2
979075,966,566,0,24,16,-2,-2
980089,967,566,0,24,16,-2,-2
981103,968,566,0,24,16,-2,-2
982117,969,566,0,24,16,-2,-2
983131,970,566,0,24,16,-2,-2
984145,971,566,0,24,16,-2,-2
1006453,993,566,0,24,16,-2,-2
1007467,994,566,0,24,16,-2,-2
1008481,995,566,0,24,16,-2,-2
1009495,996,566,0,24,16,-2,-2
1010509,997,566,0,24,16,-2,-2
1011523,998,566,0,24,16,-2,-2
1012537,999,566,0,24,16,-2,-2
1013551,1000,566,0,24,16,-2,-2
1014565,1001,566,0,24,16,-2,-2
1037887,1024,566,0,24,16,-2,-2
1038901,1025,566,0,24,16,-2,-2
1039915,1026,566,0,24,16,-2,-2
1040929,1027,566,0,24,16,-2,-2
1041943,1028,566,0,24,16,-2,-2
1042957,1029,566,0,24,16,-2,-2
1043971,1030,566,0,24,16,-2,-2
1044985,1031,566,0,24,16,-2,-2
1045999,1032,566,0,24,16,-2,-2
1068307,1054,566,0,24,16,-2,-2
1069321,1055,566,0,24,16,-2,-2
1070335,1056,566,0,24,16,-2,-2
1071349,1057,566,0,24,16,-2,-2
1072363,1058,566,0,24,16,-2,-2
1073377,1059,566,0,24,16,-2,-2
1074391,1060,566,0,24,16,-2,-2
1075405,1061,566,0,24,16,-2,-2
1076419,1062,566,0,24,16,-2,-2
1099741,1085,566,0,24,16,-2,-2
1100755,1086,566,0,24,16,-2,-2
1101769,1087,566,0,24,16,-2,-2
1102783,1088,566,0,24,16,-2,-2
1103797,1089,566,0,24,16,-2,-2
1104811,1090,566,0,24,16,-2,-2
1105825,1091,566,0,24,16,-2,-2
1106839,1092,566,0,24,16,-2,-2
1107853,1093,566,0,24,16,-2,-2
1131175,1116,566,0,24,16,-2,-2
1132189,1117,566,0,24,16,-2,-2
1133203,1118,566,0,24,16,-2,-2
1134217,1119,566,0,24,16,-2,-2
1135231,1120,566,0,24,16,-2,-2
1136245,1121,566,0,24,16,-2,-2
1137259,1122,566,0,24,16,-2,-2
1138273,1123,566,0,24,16,-2,-2
1161595,1146,566,0,24,16,-2,-2
1162609,1147,566,0,24,16,-2,-2
1163623,1148,566,0,24,16,-2,-2
1164637,1149,566,0,24,16,-2,-2
1165651,1150,566,0,24,16,-2,-2
1166665,1151,566,0,24,16,-2,-2
1167679,1152,566,0,24,16,-2,-2
1168693,1153,566,0,24,16,-2,-2
1193029,1177,566,0,24,16,-2,-2
1194043,1178,566,0,24,16,-2,-2
1195057,1179,566,0,24,16,-2,-2
1196071,1180,566,0,24,16,-2,-2
1197085,1181,566,0,24,16,-2,-2
1198099,1182,566,0,24,16,-2,-2
1199113,1183,566,0,24,16,-2,-2
1224463,1208,566,0,24,16,-2,-2
1225477,1209,566,0,24,16,-2,-2
1226491,1210,566,0,24,16,-2,-2
1227505,1211,566,0,24,16,-2,-2
1228519,1212,566,0,24,16,-2,-2
1229533,1213,566,0,24,16,-2,-2
1255897,1239,566,0,24,16,-2,-2
1256911,1240,566,0,24,16,-2,-2
1257925,1241,566,0,24,16,-2,-2
1258939,1242,566,0,24,16,-2,-2
1259953,1243,566,0,24,16,-2,-2
1289359,1272,566,0,24,16,-2,-2
1290373,1273,566,0,24,16,-2,-2
491044,485,269,0,25,11,-1,-1
492058,486,269,0,25,11,-1,-1
493072,487,269,0,25,11,-1,-1
494086,488,269,0,25,11,-1,-1
518422,512,269,0,25,11,-1,-1
519436,513,269,0,25,11,-1,-1
520450,514,269,0,25,11,-1,-1
521464,515,269,0,25,11,-1,-1
522478,516,269,0,25,11,-1,-1
523492,517,269,0,25,11,-1,-1
524506,518,269,0,25,11,-1,-1
525520,519,269,0,25,11,-1,-1
526534,520,269,0,25,11,-1,-1
547828,541,269,0,25,11,-1,-1
548842,542,269,0,25,11,-1,-1
549856,543,269,0,25,11,-1,-1
550870,544,269,0,25,11,-1,-1
551884,545,269,0,25,11,-1,-1
552898,546,269,0,25,11,-1,-1
553912,547,269,0,25,11,-1,-1
554926,548,269,0,25,11,-1,-1
555940,549,269,0,25,11,-1,-1
556954,550,269,0,25,11,-1,-1
557968,551,269,0,25,11,-1,-1
558982,552,269,0,25,11,-1,-1
578248,571,269,0,25,11,-1,-1
579262,572,269,0,25,11,-1,-1
580276,573,269,0,25,11,-1,-1
581290,574,269,0,25,11,-1,-1
582304,575,269,0,25,11,-1,-1
583318,576,269,0,25,11,-1,-1
584332,577,269,0,25,11,-1,-1
585346,578,269,0,25,11,-1,-1
586360,579,269,0,25,11,-1,-1
587374,580,269,0,25,11,-1,-1
588388,581,269,0,25,11,-1,-1
589402,582,269,0,25,11,-1,-1
590416,583,269,0,25,11,-1,-1
591430,584,269,0,25,11,-1,-1
608668,601,269,0,25,11,-1,-1
609682,602,269,0,25,11,-1,-1
610696,603,269,0,25,11,-1,-1
611710,604,269,0,25,11,-1,-1
612724,605,269,0,25,11,-1,-1
613738,606,269,0,25,11,-1,-1
614752,607,269,0,25,11,-1,-1
615766,608,269,0,25,11,-1,-1
616780,609,269,0,25,11,-1,-1
617794,610,269,0,25,11,-1,-1
618808,611,269,0,25,11,-1,-1
619822,612,269,0,25,11,-1,-1
620836,613,269,0,25,11,-1,-1
621850,614,269,0,25,11,-1,-1
622864,615,269,0,25,11,-1,-1
623878,616,269,0,25,11,-1,-1
639088,631,269,0,25,11,-1,-1
640102,632,269,0,25,11,-1,-1
641116,633,269,0,25,11,-1,-1
642130,634,269,0,25,11,-1,-1
643144,635,269,0,25,11,-1,-1
644158,636,269,0,25,11,-1,-1
645172,637,269,0,25,11,-1,-1
646186,638,269,0,25,11,-1,-1
647200,639,269,0,25,11,-1,-1
648214,640,269,0,25,11,-1,-1
649228,641,269,0,25,11,-1,-1
650242,642,269,0,25,11,-1,-1
651256,643,269,0,25,11,-1,-1
652270,644,269,0,25,11,-1,-1
653284,645,269,0,25,11,-1,-1
654298,646,269,0,25,11,-1,-1
655312,647,269,0,25,11,-1,-1
669508,661,269,0,25,11,-1,-1
670522,662,269,0,25,11,-1,-1
671536,663,269,0,25,11,-1,-1
672550,664,269,0,25,11,-1,-1
673564,665,269,0,25,11,-1,-1
674578,666,269,0,25,11,-1,-1
675592,667,269,0,25,11,-1,-1
676606,668,269,0,25,11,-1,-1
677620,669,269,0,25,11,-1,-1
678634,670,269,0,25,11,-1,-1
679648,671,269,0,25,11,-1,-1
680662,672,269,0,25,11,-1,-1
681676,673,269,0,25,11,-1,-1
682690,674,269,0,25,11,-1,-1
683704,675,269,0,25,11,-1,-1
684718,676,269,0,25,11,-1,-1
685732,677,269,0,25,11,-1,-1
686746,678,269,0,25,11,-1,-1
699928,691,269,0,25,11,-1,-1
700942,692,269,0,25,11,-1,-1
701956,693,269,0,25,11,-1,-1
702970,694,269,0,25,11,-1,-1
703984,695,269,0,25,11,-1,-1
704998,696,269,0,25,11,-1,-1
706012,697,269,0,25,11,-1,-1
707026,698,269,0,25,11,-1,-1
708040,699,269,0,25,11,-1,-1
709054,700,269,0,25,11,-1,-1
710068,701,269,0,25,11,-1,-1
711082,702,269,0,25,11,-1,-1
712096,703,269,0,25,11,-1,-1
713110,704,269,0,25,11,-1,-1
714124,705,269,0,25,11,-1,-1
715138,706,269,0,25,11,-1,-1
716152,707,269,0,25,11,-1,-1
717166,708,269,0,25,11,-1,-1
730348,721,269,0,25,11,-1,-1
731362,722,269,0,25,11,-1,-1
732376,723,269,0,25,11,-1,-1
733390,724,269,0,25,11,-1,-1
734404,725,269,0,25,11,-1,-1
735418,726,269,0,25,11,-1,-1
736432,727,269,0,25,11,-1,-1
737446,728,269,0,25,11,-1,-1
738460,729,269,0,25,11,-1,-1
739474,730,269,0,25,11,-1,-1
740488,731,269,0,25,11,-1,-1
741502,732,269,0,25,11,-1,-1
742516,733,269,0,25,11,-1,-1
743530,734,269,0,25,11,-1,-1
744544,735,269,0,25,11,-1,-1
745558,736,269,0,25,11,-1,-1
746572,737,269,0,25,11,-1,-1
747586,738,269,0,25,11,-1,-1
748600,739,269,0,25,11,-1,-1
760768,751,269,0,25,11,-1,-1
761782,752,269,0,25,11,-1,-1
762796,753,269,0,25,11,-1,-1
763810,754,269,0,25,11,-1,-1
764824,755,269,0,25,11,-1,-1
765838,756,269,0,25,11,-1,-1
766852,757,269,0,25,11,-1,-1
767866,758,269,0,25,11,-1,-1
768880,759,269,0,25,11,-1,-1
769894,760,269,0,25,11,-1,-1
770908,761,269,0,25,11,-1,-1
771922,762,269,0,25,11,-1,-1
772936,763,269,0,25,11,-1,-1
773950,764,269,0,25,11,-1,-1
774964,765,269,0,25,11,-1,-1
775978,766,269,0,25,11,-1,-1
776992,767,269,0,25,11,-1,-1
778006,768,269,0,25,11,-1,-1
779020,769,269,0,25,11,-1,-1
780034,770,269,0,25,11,-1,-1
791188,781,269,0,25,11,-1,-1
792202,782,269,0,25,11,-1,-1
793216,783,269,0,25,11,-1,-1
794230,784,269,0,25,11,-1,-1
795244,785,269,0,25,11,-1,-1
796258,786,269,0,25,11,-1,-1
797272,787,269,0,25,11,-1,-1
798286,788,269,0,25,11,-1,-1
799300,789,269,0,25,11,-1,-1
800314,790,269,0,25,11,-1,-1
801328,791,269,0,25,11,-1,-1
802342,792,269,0,25,11,-1,-1
803356,793,269,0,25,11,-1,-1
804370,794,269,0,25,11,-1,-1
805384,795,269,0,25,11,-1,-1
806398,796,269,0,25,11,-1,-1
807412,797,269,0,25,11,-1,-1
808426,798,269,0,25,11,-1,-1
809290,799,119,0,25,15,-1,-1
810304,800,119,0,25,15,-1,-1
811318,801,119,0,25,15,-1,-1
821608,811,269,0,25,11,-1,-1
822622,812,269,0,25,11,-1,-1
823636,813,269,0,25,11,-1,-1
824650,814,269,0,25,11,-1,-1
825664,815,269,0,25,11,-1,-1
826678,816,269,0,25,11,-1,-1
827692,817,269,0,25,11,-1,-1
828706,818,269,0,25,11,-1,-1
829720,819,269,0,25,11,-1,-1
830734,820,269,0,25,11,-1,-1
831748,821,269,0,25,11,-1,-1
832762,822,269,0,25,11,-1,-1
833776,823,269,0,25,11,-1,-1
834790,824,269,0,25,11,-1,-1
835804,825,269,0,25,11,-1,-1
836818,826,269,0,25,11,-1,-1
837832,827,269,0,25,11,-1,-1
838696,828,119,0,25,15,-1,-1
839710,829,119,0,25,15,-1,-1
840724,830,119,0,25,15,-1,-1
841738,831,119,0,25,15,-1,-1
842752,832,119,0,25,15,-1,-1
843766,833,119,0,25,15,-1,-1
850297,839,566,0,25,12,-1,-1
851311,840,566,0,25,12,-1,-1
852325,841,566,0,25,16,-4,-4
853339,842,566,0,25,16,-4,-4
854056,843,269,0,25,11,-1,-1
855070,844,269,0,25,11,-1,-1
856084,845,269,0,25,11,-1,-1
857098,846,269,0,25,11,-1,-1
858112,847,269,0,25,11,-1,-1
859126,848,269,0,25,11,-1,-1
860140,849,269,0,25,11,-1,-1
861154,850,269,0,25,11,-1,-1
862168,851,269,0,25,11,-1,-1
863182,852,269,0,25,11,-1,-1
864196,853,269,0,25,11,-1,-1
865210,854,269,0,25,11,-1,-1
866224,855,269,0,25,11,-1,-1
867238,856,269,0,25,11,-1,-1
868102,857,119,0,25,15,-1,-1
869116,858,119,0,25,15,-1,-1
870130,859,119,0,25,15,-1,-1
871144,860,119,0,25,15,-1,-1
872158,861,119,0,25,15,-1,-1
873172,862,119,0,25,15,-1,-1
874186,863,119,0,25,15,-1,-1
876661,865,566,0,25,12,-1,-1
877675,866,566,0,25,12,-1,-1
878689,867,566,0,25,12,-1,-1
879703,868,566,0,25,12,-1,-1
880717,869,566,0,25,12,-1,-1
881731,870,566,0,25,12,-1,-1
882745,871,566,0,25,16,-4,-4
883759,872,566,0,25,16,-4,-4
884773,873,566,0,25,16,-4,-4
885787,874,566,0,25,16,-4,-4
886504,875,269,0,25,11,-1,-1
887518,876,269,0,25,11,-1,-1
888532,877,269,0,25,11,-1,-1
889546,878,269,0,25,11,-1,-1
890560,879,269,0,25,11,-1,-1
891574,880,269,0,25,11,-1,-1
892588,881,269,0,25,11,-1,-1
893602,882,269,0,25,11,-1,-1
894616,883,269,0,25,11,-1,-1
895630,884,269,0,25,11,-1,-1
896494,885,119,0,25,15,-1,-1
897508,886,119,0,25,15,-1,-1
898522,887,119,0,25,15,-1,-1
899536,888,119,0,25,15,-1,-1
900550,889,119,0,25,15,-1,-1
901564,890,119,0,25,15,-1,-1
902578,891,119,0,25,15,-1,-1
903592,892,119,0,25,15,-1,-1
907081,895,566,0,25,12,-1,-1
908095,896,566,0,25,12,-1,-1
909109,897,566,0,25,12,-1,-1
910123,898,566,0,25,12,-1,-1
911137,899,566,0,25,12,-1,-1
912151,900,566,0,25,12,-1,-1
913165,901,566,0,25,16,-4,-4
914179,902,566,0,25,16,-4,-4
915193,903,566,0,25,16,-4,-4
916207,904,566,0,25,16,-4,-4
917221,905,566,0,25,16,-4,-4
918235,906,566,0,25,16,-4,-4
918952,907,269,0,25,11,-1,-1
919966,908,269,0,25,11,-1,-1
920980,909,269,0,25,11,-1,-1
921994,910,269,0,25,11,-1,-1
923008,911,269,0,25,11,-1,-1
924022,912,269,0,25,11,-1,-1
925036,913,269,0,25,11,-1,-1
925900,914,119,0,25,15,-1,-1
926914,915,119,0,25,15,-1,-1
927928,916,119,0,25,15,-1,-1
928942,917,119,0,25,15,-1,-1
929956,918,119,0,25,15,-1,-1
930970,919,119,0,25,15,-1,-1
931984,920,119,0,25,15,-1,-1
932998,921,119,0,25,15,-1,-1
937501,925,566,0,25,12,-1,-1
938515,926,566,0,25,12,-1,-1
939529,927,566,0,25,12,-1,-1
940543,928,566,0,25,12,-1,-1
941557,929,566,0,25,12,-1,-1
942571,930,566,0,25,12,-1,-1
943585,931,566,0,25,16,-4,-4
944599,932,566,0,25,16,-4,-4
945613,933,566,0,25,16,-4,-4
946627,934,566,0,25,16,-4,-4
947641,935,566,0,25,16,-4,-4
948655,936,566,0,25,16,-4,-4
949669,937,566,0,25,16,-4,-4
950683,938,566,0,25,16,-4,-4
951697,939,566,0,25,16,-4,-4
952414,940,269,0,25,11,-1,-1
953428,941,269,0,25,11,-1,-1
954442,942,269,0,25,11,-1,-1
955306,943,119,0,25,15,-1,-1
956320,944,119,0,25,15,-1,-1
957334,945,119,0,25,15,-1,-1
958348,946,119,0,25,15,-1,-1
959362,947,119,0,25,15,-1,-1
960376,948,119,0,25,15,-1,-1
961390,949,119,0,25,15,-1,-1
962404,950,119,0,25,15,-1,-1
967921,955,566,0,25,12,-1,-1
968935,956,566,0,25,12,-1,-1
969949,957,566,0,25,12,-1,-1
970963,958,566,0,25,12,-1,-1
971977,959,566,0,25,12,-1,-1
972991,960,566,0,25,12,-1,-1
975019,962,566,0,25,16,-4,-4
976033,963,566,0,25,16,-4,-4
977047,964,566,0,25,16,-4,-4
978061,965,566,0,25,16,-4,-4
979075,966,566,0,25,16,-4,-4
980089,967,566,0,25,16,-4,-4
981103,968,566,0,25,16,-4,-4
982117,969,566,0,25,16,-4,-4
983131,970,566,0,25,16,-4,-4
984145,971,566,0,25,16,-4,-4
984712,972,119,0,25,15,-1,-1
985726,973,119,0,25,15,-1,-1
986740,974,119,0,25,15,-1,-1
987754,975,119,0,25,15,-1,-1
988768,976,119,0,25,15,-1,-1
989782,977,119,0,25,15,-1,-1
990796,978,119,0,25,15,-1,-1
991810,979,119,0,25,15,-1,-1
998341,985,566,0,25,12,-1,-1
999355,986,566,0,25,12,-1,-1
1000369,987,566,0,25,12,-1,-1
1001383,988,566,0,25,12,-1,-1
1002397,989,566,0,25,12,-1,-1
1003411,990,566,0,25,12,-1,-1
1006453,993,566,0,25,16,-4,-4
1007467,994,566,0,25,16,-4,-4
1008481,995,566,0,25,16,-4,-4
1009495,996,566,0,25,16,-4,-4
1010509,997,566,0,25,16,-4,-4
1011523,998,566,0,25,16,-4,-4
1012537,999,566,0,25,16,-4,-4
1013551,1000,566,0,25,16,-4,-4
1014565,1001,566,0,25,16,-4,-4
1015132,1002,119,0,25,15,-1,-1
1016146,1003,119,0,25,15,-1,-1
1017160,1004,119,0,25,15,-1,-1
1018174,1005,119,0,25,15,-1,-1
1019188,1006,119,0,25,15,-1,-1
1020202,1007,119,0,25,15,-1,-1
1021216,1008,119,0,25,15,-1,-1
1028761,1015,566,0,25,12,-1,-1
1029775,1016,566,0,25,12,-1,-1
1030789,1017,566,0,25,12,-1,-1
1031803,1018,566,0,25,12,-1,-1
1032817,1019,566,0,25,12,-1,-1
1033831,1020,566,0,25,12,-1,-1
1037887,1024,566,0,25,16,-4,-4
1038901,1025,566,0,25,16,-4,-4
1039915,1026,566,0,25,16,-4,-4
1040929,1027,566,0,25,16,-4,-4
1041943,1028,566,0,25,16,-4,-4
1042957,1029,566,0,25,16,-4,-4
1043971,1030,566,0,25,16,-4,-4
1044985,1031,566,0,25,16,-4,-4
1045999,1032,566,0,25,16,-4,-4
1046566,1033,119,0,25,15,-1,-1
1047580,1034,119,0,25,15,-1,-1
1048594,1035,119,0,25,15,-1,-1
1049608,1036,119,0,25,15,-1,-1
1050622,1037,119,0,25,15,-1,-1
1059181,1045,566,0,25,12,-1,-1
1060195,1046,566,0,25,12,-1,-1
1061209,1047,566,0,25,12,-1,-1
1062223,1048,566,0,25,12,-1,-1
1063237,1049,566,0,25,12,-1,-1
1064251,1050,566,0,25,12,-1,-1
1068307,1054,566,0,25,16,-4,-4
1069321,1055,566,0,25,16,-4,-4
1070335,1056,566,0,25,16,-4,-4
1071349,1057,566,0,25,16,-4,-4
1072363,1058,566,0,25,16,-4,-4
1073377,1059,566,0,25,16,-4,-4
1074391,1060,566,0,25,16,-4,-4
1075405,1061,566,0,25,16,-4,-4
1076419,1062,566,0,25,16,-4,-4
1076986,1063,119,0,25,15,-1,-1
1078000,1064,119,0,25,15,-1,-1
1079014,1065,119,0,25,15,-1,-1
1080028,1066,119,0,25,15,-1,-1
1089601,1075,566,0,25,12,-1,-1
1090615,1076,566,0,25,12,-1,-1
1091629,1077,566,0,25,12,-1,-1
1092643,1078,566,0,25,12,-1,-1
1093657,1079,566,0,25,12,-1,-1
1094671,1080,566,0,25,12,-1,-1
1099741,1085,566,0,25,16,-4,-4
1100755,1086,566,0,25,16,-4,-4
1101769,1087,566,0,25,16,-4,-4
1102783,1088,566,0,25,16,-4,-4
1103797,1089,566,0,25,16,-4,-4
1104811,1090,566,0,25,16,-4,-4
1105825,1091,566,0,25,16,-4,-4
1106839,1092,566,0,25,16,-4,-4
1107853,1093,566,0,25,16,-4,-4
1108420,1094,119,0,25,15,-1,-1
1109434,1095,119,0,25,15,-1,-1
1120021,1105,566,0,25,12,-1,-1
1121035,1106,566,0,25,12,-1,-1
1122049,1107,566,0,25,12,-1,-1
1123063,1108,566,0,25,12,-1,-1
1124077,1109,566,0,25,12,-1,-1
1125091,1110,566,0,25,12,-1,-1
1131175,1116,566,0,25,16,-4,-4
1132189,1117,566,0,25,16,-4,-4
1133203,1118,566,0,25,16,-4,-4
1134217,1119,566,0,25,16,-4,-4
1135231,1120,566,0,25,16,-4,-4
1136245,1121,566,0,25,16,-4,-4
1137259,1122,566,0,25,16,-4,-4
1138273,1123,566,0,25,16,-4,-4
1138840,1124,119,0,25,15,-1,-1
1150441,1135,566,0,25,12,-1,-1
1151455,1136,566,0,25,12,-1,-1
1152469,1137,566,0,25,12,-1,-1
1153483,1138,566,0,25,12,-1,-1
1154497,1139,566,0,25,12,-1,-1
1155511,1140,566,0,25,12,-1,-1
1161595,1146,566,0,25,16,-4,-4
1162609,1147,566,0,25,16,-4,-4
1163623,1148,566,0,25,16,-4,-4
1164637,1149,566,0,25,16,-4,-4
1165651,1150,566,0,25,16,-4,-4
1166665,1151,566,0,25,16,-4,-4
1167679,1152,566,0,25,16,-4,-4
1168693,1153,566,0,25,16,-4,-4
1180861,1165,566,0,25,12,-1,-1
1181875,1166,566,0,25,12,-1,-1
1182889,1167,566,0,25,12,-1,-1
1183903,1168,566,0,25,12,-1,-1
1184917,1169,566,0,25,12,-1,-1
1185931,1170,566,0,25,12,-1,-1
1193029,1177,566,0,25,16,-4,-4
1194043,1178,566,0,25,16,-4,-4
1195057,1179,566,0,25,16,-4,-4
1196071,1180,566,0,25,16,-4,-4
1197085,1181,566,0,25,16,-4,-4
1198099,1182,566,0,25,16,-4,-4
1199113,1183,566,0,25,16,-4,-4
1211281,1195,566,0,25,12,-1,-1
1212295,1196,566,0,25,12,-1,-1
1213309,1197,566,0,25,12,-1,-1
1214323,1198,566,0,25,12,-1,-1
1215337,1199,566,0,25,12,-1,-1
1216351,1200,566,0,25,12,-1,-1
1224463,1208,566,0,25,16,-4,-4
1225477,1209,566,0,25,16,-4,-4
1226491,1210,566,0,25,16,-4,-4
1227505,1211,566,0,25,16,-4,-4
1228519,1212,566,0,25,16,-4,-4
1229533,1213,566,0,25,16,-4,-4
1242715,1226,566,0,25,12,-1,-1
1243729,1227,566,0,25,12,-1,-1
1244743,1228,566,0,25,12,-1,-1
1245757,1229,566,0,25,12,-1,-1
1246771,1230,566,0,25,12,-1,-1
1255897,1239,566,0,25,16,-4,-4
1256911,1240,566,0,25,16,-4,-4
1257925,1241,566,0,25,16,-4,-4
1258939,1242,566,0,25,16,-4,-4
1259953,1243,566,0,25,16,-4,-4
1274149,1257,566,0,25,12,-1,-1
1275163,1258,566,0,25,12,-1,-1
1276177,1259,566,0,25,12,-1,-1
1277191,1260,566,0,25,12,-1,-1
1289359,1272,566,0,25,16,-4,-4
1290373,1273,566,0,25,16,-4,-4
1424938,1406,269,0,25,13,-1,-1
1454344,1435,269,0,25,13,-1,-1
1455358,1436,269,0,25,13,-1,-1
1456372,1437,269,0,25,13,-1,-1
1483750,1464,269,0,25,13,-1,-1
1484764,1465,269,0,25,13,-1,-1
1485778,1466,269,0,25,13,-1,-1
1486792,1467,269,0,25,13,-1,-1
1513156,1493,269,0,25,13,-1,-1
1514170,1494,269,0,25,13,-1,-1
1515184,1495,269,0,25,13,-1,-1
1516198,1496,269,0,25,13,-1,-1
1517212,1497,269,0,25,13,-1,-1
1542562,1522,269,0,25,13,-1,-1
1543576,1523,269,0,25,13,-1,-1
1544590,1524,269,0,25,13,-1,-1
1545604,1525,269,0,25,13,-1,-1
1546618,1526,269,0,25,13,-1,-1
1547632,1527,269,0,25,13,-1,-1
1571968,1551,269,0,25,13,-1,-1
1572982,1552,269,0,25,13,-1,-1
1573996,1553,269,0,25,13,-1,-1
1575010,1554,269,0,25,13,-1,-1
1576024,1555,269,0,25,13,-1,-1
1577038,1556,269,0,25,13,-1,-1
1578052,1557,269,0,25,13,-1,-1
1603402,1582,269,0,25,13,-1,-1
1604416,1583,269,0,25,13,-1,-1
1605430,1584,269,0,25,13,-1,-1
1606444,1585,269,0,25,13,-1,-1
1607458,1586,269,0,25,13,-1,-1
1608472,1587,269,0,25,13,-1,-1
1609486,1588,269,0,25,13,-1,-1
1633822,1612,269,0,25,13,-1,-1
1634836,1613,269,0,25,13,-1,-1
1635850,1614,269,0,25,13,-1,-1
1636864,1615,269,0,25,13,-1,-1
1637878,1616,269,0,25,13,-1,-1
1638892,1617,269,0,25,13,-1,-1
1665256,1643,269,0,25,13,-1,-1
1666270,1644,269,0,25,13,-1,-1
1667284,1645,269,0,25,13,-1,-1
1668298,1646,269,0,25,13,-1,-1
1696690,1674,269,0,25,13,-1,-1
1697704,1675,269,0,25,13,-1,-1
974005,961,566,0,29,14,-2,-2
1004425,991,566,0,29,14,-2,-2
1005439,992,566,0,29,14,-2,-2
1034845,1021,566,0,29,14,-2,-2
1035859,1022,566,0,29,14,-2,-2
1036873,1023,566,0,29,14,-2,-2
1065265,1051,566,0,29,14,-2,-2
1066279,1052,566,0,29,14,-2,-2
1067293,1053,566,0,29,14,-2,-2
1095685,1081,566,0,29,14,-2,-2
1096699,1082,566,0,29,14,-2,-2
1097713,1083,566,0,29,14,-2,-2
1098727,1084,566,0,29,14,-2,-2
1126105,1111,566,0,29,14,-2,-2
1127119,1112,566,0,29,14,-2,-2
1128133,1113,566,0,29,14,-2,-2
1129147,1114,566,0,29,14,-2,-2
1130161,1115,566,0,29,14,-2,-2
1156525,1141,566,0,29,14,-2,-2
1157539,1142,566,0,29,14,-2,-2
1158553,1143,566,0,29,14,-2,-2
1159567,1144,566,0,29,14,-2,-2
1160581,1145,566,0,29,14,-2,-2
1186945,1171,566,0,29,14,-2,-2
1187959,1172,566,0,29,14,-2,-2
1188973,1173,566,0,29,14,-2,-2
1189987,1174,566,0,29,14,-2,-2
1191001,1175,566,0,29,14,-2,-2
1192015,1176,566,0,29,14,-2,-2
1217365,1201,566,0,29,14,-2,-2
1218379,1202,566,0,29,14,-2,-2
1219393,1203,566,0,29,14,-2,-2
1220407,1204,566,0,29,14,-2,-2
1221421,1205,566,0,29,14,-2,-2
1222435,1206,566,0,29,14,-2,-2
1223449,1207,566,0,29,14,-2,-2
1247785,1231,566,0,29,14,-2,-2
1248799,1232,566,0,29,14,-2,-2
1249813,1233,566,0,29,14,-2,-2
1250827,1234,566,0,29,14,-2,-2
1251841,1235,566,0,29,14,-2,-2
1252855,1236,566,0,29,14,-2,-2
1253869,1237,566,0,29,14,-2,-2
1254883,1238,566,0,29,14,-2,-2
1278205,1261,566,0,29,14,-2,-2
1279219,1262,566,0,29,14,-2,-2
1280233,1263,566,0,29,14,-2,-2
1281247,1264,566,0,29,14,-2,-2
1282261,1265,566,0,29,14,-2,-2
1283275,1266,566,0,29,14,-2,-2
1308625,1291,566,0,29,14,-2,-2
1309639,1292,566,0,29,14,-2,-2
1310653,1293,566,0,29,14,-2,-2
1311667,1294,566,0,29,14,-2,-2
1339045,1321,566,0,29,14,-2,-2
1340059,1322,566,0,29,14,-2,-2
1341073,1323,566,0,29,14,-2,-2
1369465,1351,566,0,29,14,-2,-2
118,1,119,0,30,6,-1,-1
1132,2,119,0,30,6,-1,-1
2146,3,119,0,30,6,-1,-1
3160,4,119,0,30,6,-1,-1
4174,5,119,0,30,6,-1,-1
5188,6,119,0,30,6,-1,-1
6202,7,119,0,30,6,-1,-1
7216,8,119,0,30,6,-1,-1
8230,9,119,0,30,6,-1,-1
9244,10,119,0,30,6,-1,-1
10258,11,119,0,30,6,-1,-1
11272,12,119,0,30,6,-1,-1
12286,13,119,0,30,6,-1,-1
13300,14,119,0,30,6,-1,-1
14314,15,119,0,30,6,-1,-1
15328,16,119,0,30,6,-1,-1
30538,31,119,0,30,6,-1,-1
31552,32,119,0,30,6,-1,-1
32566,33,119,0,30,6,-1,-1
33580,34,119,0,30,6,-1,-1
34594,35,119,0,30,6,-1,-1
35608,36,119,0,30,6,-1,-1
36622,37,119,0,30,6,-1,-1
37636,38,119,0,30,6,-1,-1
38650,39,119,0,30,6,-1,-1
39664,40,119,0,30,6,-1,-1
40678,41,119,0,30,6,-1,-1
41692,42,119,0,30,6,-1,-1
42706,43,119,0,30,6,-1,-1
43720,44,119,0,30,6,-1,-1
44734,45,119,0,30,6,-1,-1
60958,61,119,0,30,6,-1,-1
61972,62,119,0,30,6,-1,-1
62986,63,119,0,30,6,-1,-1
64000,64,119,0,30,6,-1,-1
65014,65,119,0,30,6,-1,-1
66028,66,119,0,30,6,-1,-1
67042,67,119,0,30,6,-1,-1
68056,68,119,0,30,6,-1,-1
69070,69,119,0,30,6,-1,-1
70084,70,119,0,30,6,-1,-1
71098,71,119,0,30,6,-1,-1
72112,72,119,0,30,6,-1,-1
73126,73,119,0,30,6,-1,-1
74140,74,119,0,30,6,-1,-1
75154,75,119,0,30,6,-1,-1
91378,91,119,0,30,6,-1,-1
92392,92,119,0,30,6,-1,-1
93406,93,119,0,30,6,-1,-1
94420,94,119,0,30,6,-1,-1
95434,95,119,0,30,6,-1,-1
96448,96,119,0,30,6,-1,-1
97462,97,119,0,30,6,-1,-1
98476,98,119,0,30,6,-1,-1
99490,99,119,0,30,6,-1,-1
100504,100,119,0,30,6,-1,-1
101518,101,119,0,30,6,-1,-1
102532,102,119,0,30,6,-1,-1
103546,103,119,0,30,6,-1,-1
104560,104,119,0,30,6,-1,-1
121798,121,119,0,30,6,-1,-1
122812,122,119,0,30,6,-1,-1
123826,123,119,0,30,6,-1,-1
124840,124,119,0,30,6,-1,-1
125854,125,119,0,30,6,-1,-1
126868,126,119,0,30,6,-1,-1
127882,127,119,0,30,6,-1,-1
128896,128,119,0,30,6,-1,-1
129910,129,119,0,30,6,-1,-1
130924,130,119,0,30,6,-1,-1
131938,131,119,0,30,6,-1,-1
132952,132,119,0,30,6,-1,-1
133966,133,119,0,30,6,-1,-1
134980,134,119,0,30,6,-1,-1
152218,151,119,0,30,6,-1,-1
153232,152,119,0,30,6,-1,-1
154246,153,119,0,30,6,-1,-1
155260,154,119,0,30,6,-1,-1
156274,155,119,0,30,6,-1,-1
157288,156,119,0,30,6,-1,-1
158302,157,119,0,30,6,-1,-1
159316,158,119,0,30,6,-1,-1
160330,159,119,0,30,6,-1,-1
161344,160,119,0,30,6,-1,-1
162358,161,119,0,30,6,-1,-1
163372,162,119,0,30,6,-1,-1
164386,163,119,0,30,6,-1,-1
182638,181,119,0,30,6,-1,-1
183652,182,119,0,30,6,-1,-1
184666,183,119,0,30,6,-1,-1
185680,184,119,0,30,6,-1,-1
186694,185,119,0,30,6,-1,-1
187708,186,119,0,30,6,-1,-1
188722,187,119,0,30,6,-1,-1
189736,188,119,0,30,6,-1,-1
190750,189,119,0,30,6,-1,-1
191764,190,119,0,30,6,-1,-1
192778,191,119,0,30,6,-1,-1
193792,192,119,0,30,6,-1,-1
213058,211,119,0,30,6,-1,-1
214072,212,119,0,30,6,-1,-1
215086,213,119,0,30,6,-1,-1
216100,214,119,0,30,6,-1,-1
217114,215,119,0,30,6,-1,-1
218128,216,119,0,30,6,-1,-1
219142,217,119,0,30,6,-1,-1
220156,218,119,0,30,6,-1,-1
221170,219,119,0,30,6,-1,-1
222184,220,119,0,30,6,-1,-1
223198,221,119,0,30,6,-1,-1
224212,222,119,0,30,6,-1,-1
243478,241,119,0,30,6,-1,-1
244492,242,119,0,30,6,-1,-1
245506,243,119,0,30,6,-1,-1
246520,244,119,0,30,6,-1,-1
247534,245,119,0,30,6,-1,-1
248548,246,119,0,30,6,-1,-1
249562,247,119,0,30,6,-1,-1
250576,248,119,0,30,6,-1,-1
251590,249,119,0,30,6,-1,-1
252604,250,119,0,30,6,-1,-1
253618,251,119,0,30,6,-1,-1
273898,271,119,0,30,6,-1,-1
274912,272,119,0,30,6,-1,-1
275926,273,119,0,30,6,-1,-1
276940,274,119,0,30,6,-1,-1
277954,275,119,0,30,6,-1,-1
278968,276,119,0,30,6,-1,-1
279982,277,119,0,30,6,-1,-1
280996,278,119,0,30,6,-1,-1
282010,279,119,0,30,6,-1,-1
283024,280,119,0,30,6,-1,-1
284038,281,119,0,30,6,-1,-1
304318,301,119,0,30,6,-1,-1
305332,302,119,0,30,6,-1,-1
306346,303,119,0,30,6,-1,-1
307360,304,119,0,30,6,-1,-1
308374,305,119,0,30,6,-1,-1
309388,306,119,0,30,6,-1,-1
310402,307,119,0,30,6,-1,-1
311416,308,119,0,30,6,-1,-1
312430,309,119,0,30,6,-1,-1
313444,310,119,0,30,6,-1,-1
334738,331,119,0,30,6,-1,-1
335752,332,119,0,30,6,-1,-1
336766,333,119,0,30,6,-1,-1
337780,334,119,0,30,6,-1,-1
338794,335,119,0,30,6,-1,-1
339808,336,119,0,30,6,-1,-1
340822,337,119,0,30,6,-1,-1
341836,338,119,0,30,6,-1,-1
342850,339,119,0,30,6,-1,-1
365158,361,119,0,30,6,-1,-1
366172,362,119,0,30,6,-1,-1
367186,363,119,0,30,6,-1,-1
368200,364,119,0,30,6,-1,-1
369214,365,119,0,30,6,-1,-1
370228,366,119,0,30,6,-1,-1
371242,367,119,0,30,6,-1,-1
372256,368,119,0,30,6,-1,-1
373270,369,119,0,30,6,-1,-1
395578,391,119,0,30,6,-1,-1
396592,392,119,0,30,6,-1,-1
397606,393,119,0,30,6,-1,-1
398620,394,119,0,30,6,-1,-1
399634,395,119,0,30,6,-1,-1
400648,396,119,0,30,6,-1,-1
401662,397,119,0,30,6,-1,-1
402676,398,119,0,30,6,-1,-1
425998,421,119,0,30,6,-1,-1
427012,422,119,0,30,6,-1,-1
428026,423,119,0,30,6,-1,-1
429040,424,119,0,30,6,-1,-1
430054,425,119,0,30,6,-1,-1
431068,426,119,0,30,6,-1,-1
432082,427,119,0,30,6,-1,-1
433096,428,119,0,30,6,-1,-1
456418,451,119,0,30,6,-1,-1
457432,452,119,0,30,6,-1,-1
458446,453,119,0,30,6,-1,-1
459460,454,119,0,30,6,-1,-1
460474,455,119,0,30,6,-1,-1
461488,456,119,0,30,6,-1,-1
462502,457,119,0,30,6,-1,-1
486838,481,119,0,30,6,-1,-1
487852,482,119,0,30,6,-1,-1
488866,483,119,0,30,6,-1,-1
489880,484,119,0,30,6,-1,-1
491044,485,269,0,30,11,-1,-1
491341,485,566,0,30,11,-1,-1
492058,486,269,0,30,11,-1,-1
492355,486,566,0,30,11,-1,-1
493072,487,269,0,30,11,-1,-1
493369,487,566,0,30,11,-1,-1
494086,488,269,0,30,11,-1,-1
494383,488,566,0,30,11,-1,-1
517258,511,119,0,30,6,-1,-1
518422,512,269,0,30,11,-1,-1
518719,512,566,0,30,11,-1,-1
519436,513,269,0,30,11,-1,-1
519733,513,566,0,30,11,-1,-1
520450,514,269,0,30,11,-1,-1
520747,514,566,0,30,11,-1,-1
521464,515,269,0,30,11,-1,-1
521761,515,566,0,30,11,-1,-1
522478,516,269,0,30,11,-1,-1
522775,516,566,0,30,11,-1,-1
523492,517,269,0,30,11,-1,-1
523789,517,566,0,30,11,-1,-1
524506,518,269,0,30,11,-1,-1
524803,518,566,0,30,11,-1,-1
525520,519,269,0,30,11,-1,-1
525817,519,566,0,30,11,-1,-1
526534,520,269,0,30,11,-1,-1
526831,520,566,0,30,11,-1,-1
547828,541,269,0,30,11,-1,-1
548125,541,566,0,30,11,-1,-1
548842,542,269,0,30,11,-1,-1
549139,542,566,0,30,11,-1,-1
549856,543,269,0,30,11,-1,-1
550153,543,566,0,30,11,-1,-1
550870,544,269,0,30,11,-1,-1
551167,544,566,0,30,11,-1,-1
551884,545,269,0,30,11,-1,-1
552181,545,566,0,30,11,-1,-1
552898,546,269,0,30,11,-1,-1
553195,546,566,0,30,11,-1,-1
553912,547,269,0,30,11,-1,-1
554209,547,566,0,30,11,-1,-1
554926,548,269,0,30,11,-1,-1
555223,548,566,0,30,11,-1,-1
555940,549,269,0,30,11,-1,-1
556237,549,566,0,30,11,-1,-1
556954,550,269,0,30,11,-1,-1
557251,550,566,0,30,11,-1,-1
557968,551,269,0,30,11,-1,-1
558265,551,566,0,30,11,-1,-1
558982,552,269,0,30,11,-1,-1
559279,552,566,0,30,11,-1,-1
578248,571,269,0,30,11,-1,-1
578545,571,566,0,30,11,-1,-1
579262,572,269,0,30,11,-1,-1
579559,572,566,0,30,11,-1,-1
580276,573,269,0,30,11,-1,-1
580573,573,566,0,30,11,-1,-1
581290,574,269,0,30,11,-1,-1
581587,574,566,0,30,11,-1,-1
582304,575,269,0,30,11,-1,-1
582601,575,566,0,30,11,-1,-1
583318,576,269,0,30,11,-1,-1
583615,576,566,0,30,11,-1,-1
584332,577,269,0,30,11,-1,-1
584629,577,566,0,30,11,-1,-1
585346,578,269,0,30,11,-1,-1
585643,578,566,0,30,11,-1,-1
586360,579,269,0,30,11,-1,-1
586657,579,566,0,30,11,-1,-1
587374,580,269,0,30,11,-1,-1
587671,580,566,0,30,11,-1,-1
588388,581,269,0,30,11,-1,-1
588685,581,566,0,30,11,-1,-1
589402,582,269,0,30,11,-1,-1
589699,582,566,0,30,11,-1,-1
590416,583,269,0,30,11,-1,-1
590713,583,566,0,30,11,-1,-1
591430,584,269,0,30,11,-1,-1
591727,584,566,0,30,11,-1,-1
608668,601,269,0,30,11,-1,-1
608965,601,566,0,30,11,-1,-1
609682,602,269,0,30,11,-1,-1
609979,602,566,0,30,11,-1,-1
610696,603,269,0,30,11,-1,-1
610993,603,566,0,30,11,-1,-1
611710,604,269,0,30,11,-1,-1
612007,604,566,0,30,11,-1,-1
612724,605,269,0,30,11,-1,-1
613021,605,566,0,30,11,-1,-1
613738,606,269,0,30,11,-1,-1
614035,606,566,0,30,11,-1,-1
614752,607,269,0,30,11,-1,-1
615049,607,566,0,30,11,-1,-1
615766,608,269,0,30,11,-1,-1
616063,608,566,0,30,11,-1,-1
616780,609,269,0,30,11,-1,-1
617077,609,566,0,30,11,-1,-1
617794,610,269,0,30,11,-1,-1
618091,610,566,0,30,11,-1,-1
618808,611,269,0,30,11,-1,-1
619105,611,566,0,30,11,-1,-1
619822,612,269,0,30,11,-1,-1
620119,612,566,0,30,11,-1,-1
620836,613,269,0,30,11,-1,-1
621133,613,566,0,30,11,-1,-1
621850,614,269,0,30,11,-1,-1
622147,614,566,0,30,11,-1,-1
622864,615,269,0,30,11,-1,-1
623161,615,566,0,30,11,-1,-1
623878,616,269,0,30,11,-1,-1
624175,616,566,0,30,11,-1,-1
639088,631,269,0,30,11,-1,-1
639385,631,566,0,30,11,-1,-1
640102,632,269,0,30,11,-1,-1
640399,632,566,0,30,11,-1,-1
641116,633,269,0,30,11,-1,-1
641413,633,566,0,30,11,-1,-1
642130,634,269,0,30,11,-1,-1
642427,634,566,0,30,11,-1,-1
643144,635,269,0,30,11,-1,-1
643441,635,566,0,30,11,-1,-1
644158,636,269,0,30,11,-1,-1
644455,636,566,0,30,11,-1,-1
645172,637,269,0,30,11,-1,-1
645469,637,566,0,30,11,-1,-1
646186,638,269,0,30,11,-1,-1
646483,638,566,0,30,11,-1,-1
647200,639,269,0,30,11,-1,-1
647497,639,566,0,30,11,-1,-1
648214,640,269,0,30,11,-1,-1
648511,640,566,0,30,11,-1,-1
649228,641,269,0,30,11,-1,-1
649525,641,566,0,30,11,-1,-1
650242,642,269,0,30,11,-1,-1
650539,642,566,0,30,11,-1,-1
651256,643,269,0,30,11,-1,-1
651553,643,566,0,30,11,-1,-1
652270,644,269,0,30,11,-1,-1
652567,644,566,0,30,11,-1,-1
653284,645,269,0,30,11,-1,-1
653581,645,566,0,30,11,-1,-1
654298,646,269,0,30,11,-1,-1
654595,646,566,0,30,11,-1,-1
655312,647,269,0,30,11,-1,-1
655609,647,566,0,30,11,-1,-1
669508,661,269,0,30,11,-1,-1
669805,661,566,0,30,11,-1,-1
670522,662,269,0,30,11,-1,-1
670819,662,566,0,30,11,-1,-1
671536,663,269,0,30,11,-1,-1
671833,663,566,0,30,11,-1,-1
672550,664,269,0,30,11,-1,-1
672847,664,566,0,30,11,-1,-1
673564,665,269,0,30,11,-1,-1
673861,665,566,0,30,11,-1,-1
674578,666,269,0,30,11,-1,-1
674875,666,566,0,30,11,-1,-1
675592,667,269,0,30,11,-1,-1
675889,667,566,0,30,11,-1,-1
676606,668,269,0,30,11,-1,-1
676903,668,566,0,30,11,-1,-1
677620,669,269,0,30,11,-1,-1
677917,669,566,0,30,11,-1,-1
678634,670,269,0,30,11,-1,-1
678931,670,566,0,30,11,-1,-1
679648,671,269,0,30,11,-1,-1
679945,671,566,0,30,11,-1,-1
680662,672,269,0,30,11,-1,-1
680959,672,566,0,30,11,-1,-1
681676,673,269,0,30,11,-1,-1
681973,673,566,0,30,11,-1,-1
682690,674,269,0,30,11,-1,-1
682987,674,566,0,30,11,-1,-1
683704,675,269,0,30,11,-1,-1
684001,675,566,0,30,11,-1,-1
684718,676,269,0,30,11,-1,-1
685015,676,566,0,30,11,-1,-1
685732,677,269,0,30,11,-1,-1
686029,677,566,0,30,11,-1,-1
686746,678,269,0,30,11,-1,-1
687043,678,566,0,30,11,-1,-1
699928,691,269,0,30,11,-1,-1
700225,691,566,0,30,11,-1,-1
700942,692,269,0,30,11,-1,-1
701239,692,566,0,30,11,-1,-1
701956,693,269,0,30,11,-1,-1
702253,693,566,0,30,11,-1,-1
702970,694,269,0,30,11,-1,-1
703267,694,566,0,30,11,-1,-1
703984,695,269,0,30,11,-1,-1
704281,695,566,0,30,11,-1,-1
704998,696,269,0,30,11,-1,-1
705295,696,566,0,30,11,-1,-1
706012,697,269,0,30,11,-1,-1
706309,697,566,0,30,11,-1,-1
707026,698,269,0,30,11,-1,-1
707323,698,566,0,30,11,-1,-1
708040,699,269,0,30,11,-1,-1
708337,699,566,0,30,11,-1,-1
709054,700,269,0,30,11,-1,-1
709351,700,566,0,30,11,-1,-1
710068,701,269,0,30,11,-1,-1
710365,701,566,0,30,11,-1,-1
711082,702,269,0,30,11,-1,-1
711379,702,566,0,30,11,-1,-1
712096,703,269,0,30,11,-1,-1
712393,703,566,0,30,11,-1,-1
713110,704,269,0,30,11,-1,-1
713407,704,566,0,30,11,-1,-1
714124,705,269,0,30,11,-1,-1
714421,705,566,0,30,11,-1,-1
715138,706,269,0,30,11,-1,-1
715435,706,566,0,30,11,-1,-1
716152,707,269,0,30,11,-1,-1
716449,707,566,0,30,11,-1,-1
717166,708,269,0,30,11,-1,-1
717463,708,566,0,30,11,-1,-1
730348,721,269,0,30,11,-1,-1
730645,721,566,0,30,11,-1,-1
731362,722,269,0,30,11,-1,-1
731659,722,566,0,30,11,-1,-1
732376,723,269,0,30,11,-1,-1
732673,723,566,0,30,11,-1,-1
733390,724,269,0,30,11,-1,-1
733687,724,566,0,30,11,-1,-1
734404,725,269,0,30,11,-1,-1
734701,725,566,0,30,11,-1,-1
735418,726,269,0,30,11,-1,-1
735715,726,566,0,30,11,-1,-1
736432,727,269,0,30,11,-1,-1
736729,727,566,0,30,11,-1,-1
737446,728,269,0,30,11,-1,-1
737743,728,566,0,30,11,-1,-1
738460,729,269,0,30,11,-1,-1
738757,729,566,0,30,11,-1,-1
739474,730,269,0,30,11,-1,-1
739771,730,566,0,30,11,-1,-1
740488,731,269,0,30,11,-1,-1
740785,731,566,0,30,11,-1,-1
741502,732,269,0,30,11,-1,-1
741799,732,566,0,30,11,-1,-1
742516,733,269,0,30,11,-1,-1
742813,733,566,0,30,11,-1,-1
743530,734,269,0,30,11,-1,-1
743827,734,566,0,30,11,-1,-1
744544,735,269,0,30,11,-1,-1
744841,735,566,0,30,11,-1,-1
745558,736,269,0,30,11,-1,-1
745855,736,566,0,30,11,-1,-1
746572,737,269,0,30,11,-1,-1
746869,737,566,0,30,11,-1,-1
747586,738,269,0,30,11,-1,-1
747883,738,566,0,30,11,-1,-1
748600,739,269,0,30,11,-1,-1
748897,739,566,0,30,11,-1,-1
760768,751,269,0,30,11,-1,-1
761065,751,566,0,30,11,-1,-1
761782,752,269,0,30,11,-1,-1
762079,752,566,0,30,11,-1,-1
762796,753,269,0,30,11,-1,-1
763093,753,566,0,30,11,-1,-1
763810,754,269,0,30,11,-1,-1
764107,754,566,0,30,11,-1,-1
764824,755,269,0,30,11,-1,-1
765121,755,566,0,30,11,-1,-1
765838,756,269,0,30,11,-1,-1
766135,756,566,0,30,11,-1,-1
766852,757,269,0,30,11,-1,-1
767149,757,566,0,30,11,-1,-1
767866,758,269,0,30,11,-1,-1
768163,758,566,0,30,11,-1,-1
768880,759,269,0,30,11,-1,-1
769177,759,566,0,30,11,-1,-1
769894,760,269,0,30,11,-1,-1
770191,760,566,0,30,11,-1,-1
770908,761,269,0,30,11,-1,-1
771205,761,566,0,30,11,-1,-1
771922,762,269,0,30,11,-1,-1
772219,762,566,0,30,11,-1,-1
772936,763,269,0,30,11,-1,-1
773233,763,566,0,30,11,-1,-1
773950,764,269,0,30,11,-1,-1
774247,764,566,0,30,11,-1,-1
774964,765,269,0,30,11,-1,-1
775261,765,566,0,30,11,-1,-1
775978,766,269,0,30,11,-1,-1
776275,766,566,0,30,11,-1,-1
776992,767,269,0,30,11,-1,-1
777289,767,566,0,30,11,-1,-1
778006,768,269,0,30,11,-1,-1
778303,768,566,0,30,11,-1,-1
779020,769,269,0,30,11,-1,-1
779317,769,566,0,30,11,-1,-1
780034,770,269,0,30,11,-1,-1
780331,770,566,0,30,11,-1,-1
791188,781,269,0,30,11,-1,-1
791485,781,566,0,30,11,-1,-1
792202,782,269,0,30,11,-1,-1
792499,782,566,0,30,11,-1,-1
793216,783,269,0,30,11,-1,-1
793513,783,566,0,30,11,-1,-1
794230,784,269,0,30,11,-1,-1
794527,784,566,0,30,11,-1,-1
795244,785,269,0,30,11,-1,-1
795541,785,566,0,30,11,-1,-1
796258,786,269,0,30,11,-1,-1
796555,786,566,0,30,11,-1,-1
797272,787,269,0,30,11,-1,-1
797569,787,566,0,30,11,-1,-1
798286,788,269,0,30,11,-1,-1
798583,788,566,0,30,11,-1,-1
799300,789,269,0,30,11,-1,-1
799597,789,566,0,30,11,-1,-1
800314,790,269,0,30,11,-1,-1
800611,790,566,0,30,11,-1,-1
801328,791,269,0,30,11,-1,-1
801625,791,566,0,30,11,-1,-1
802342,792,269,0,30,11,-1,-1
802639,792,566,0,30,11,-1,-1
803356,793,269,0,30,11,-1,-1
803653,793,566,0,30,11,-1,-1
804370,794,269,0,30,11,-1,-1
804667,794,566,0,30,11,-1,-1
805384,795,269,0,30,11,-1,-1
805681,795,566,0,30,11,-1,-1
806398,796,269,0,30,11,-1,-1
806695,796,566,0,30,11,-1,-1
807412,797,269,0,30,11,-1,-1
807709,797,566,0,30,11,-1,-1
808426,798,269,0,30,11,-1,-1
808723,798,566,0,30,11,-1,-1
821608,811,269,0,30,11,-1,-1
821905,811,566,0,30,11,-1,-1
822622,812,269,0,30,11,-1,-1
822919,812,566,0,30,11,-1,-1
823636,813,269,0,30,11,-1,-1
823933,813,566,0,30,11,-1,-1
824650,814,269,0,30,11,-1,-1
824947,814,566,0,30,11,-1,-1
825664,815,269,0,30,11,-1,-1
825961,815,566,0,30,11,-1,-1
826678,816,269,0,30,11,-1,-1
826975,816,566,0,30,11,-1,-1
827692,817,269,0,30,11,-1,-1
827989,817,566,0,30,11,-1,-1
828706,818,269,0,30,11,-1,-1
829003,818,566,0,30,11,-1,-1
829720,819,269,0,30,11,-1,-1
830017,819,566,0,30,11,-1,-1
830734,820,269,0,30,11,-1,-1
831031,820,566,0,30,11,-1,-1
831748,821,269,0,30,11,-1,-1
832045,821,566,0,30,11,-1,-1
832762,822,269,0,30,11,-1,-1
833059,822,566,0,30,11,-1,-1
833776,823,269,0,30,11,-1,-1
834073,823,566,0,30,11,-1,-1
834790,824,269,0,30,11,-1,-1
835087,824,566,0,30,11,-1,-1
835804,825,269,0,30,11,-1,-1
836101,825,566,0,30,11,-1,-1
836818,826,269,0,30,11,-1,-1
837115,826,566,0,30,11,-1,-1
837832,827,269,0,30,11,-1,-1
838129,827,566,0,30,11,-1,-1
854056,843,269,0,30,11,-1,-1
854353,843,566,0,30,11,-1,-1
855070,844,269,0,30,11,-1,-1
855367,844,566,0,30,11,-1,-1
856084,845,269,0,30,11,-1,-1
856381,845,566,0,30,11,-1,-1
857098,846,269,0,30,11,-1,-1
857395,846,566,0,30,11,-1,-1
858112,847,269,0,30,11,-1,-1
858409,847,566,0,30,11,-1,-1
859126,848,269,0,30,11,-1,-1
859423,848,566,0,30,11,-1,-1
860140,849,269,0,30,11,-1,-1
860437,849,566,0,30,11,-1,-1
861154,850,269,0,30,11,-1,-1
861451,850,566,0,30,11,-1,-1
862168,851,269,0,30,11,-1,-1
862465,851,566,0,30,11,-1,-1
863182,852,269,0,30,11,-1,-1
863479,852,566,0,30,11,-1,-1
864196,853,269,0,30,11,-1,-1
864493,853,566,0,30,11,-1,-1
865210,854,269,0,30,11,-1,-1
865507,854,566,0,30,11,-1,-1
866224,855,269,0,30,11,-1,-1
866521,855,566,0,30,11,-1,-1
867238,856,269,0,30,11,-1,-1
867535,856,566,0,30,11,-1,-1
886504,875,269,0,30,11,-1,-1
886801,875,566,0,30,11,-1,-1
887518,876,269,0,30,11,-1,-1
887815,876,566,0,30,11,-1,-1
888532,877,269,0,30,11,-1,-1
888829,877,566,0,30,11,-1,-1
889546,878,269,0,30,11,-1,-1
889843,878,566,0,30,11,-1,-1
890560,879,269,0,30,11,-1,-1
890857,879,566,0,30,11,-1,-1
891574,880,269,0,30,11,-1,-1
891871,880,566,0,30,11,-1,-1
892588,881,269,0,30,11,-1,-1
892885,881,566,0,30,11,-1,-1
893602,882,269,0,30,11,-1,-1
893899,882,566,0,30,11,-1,-1
894616,883,269,0,30,11,-1,-1
894913,883,566,0,30,11,-1,-1
895630,884,269,0,30,11,-1,-1
895927,884,566,0,30,11,-1,-1
918952,907,269,0,30,11,-1,-1
919249,907,566,0,30,11,-1,-1
919966,908,269,0,30,11,-1,-1
920263,908,566,0,30,11,-1,-1
920980,909,269,0,30,11,-1,-1
921277,909,566,0,30,11,-1,-1
921994,910,269,0,30,11,-1,-1
922291,910,566,0,30,11,-1,-1
923008,911,269,0,30,11,-1,-1
923305,911,566,0,30,11,-1,-1
924022,912,269,0,30,11,-1,-1
924319,912,566,0,30,11,-1,-1
925036,913,269,0,30,11,-1,-1
925333,913,566,0,30,11,-1,-1
952414,940,269,0,30,11,-1,-1
952711,940,566,0,30,11,-1,-1
953428,941,269,0,30,11,-1,-1
953725,941,566,0,30,11,-1,-1
954442,942,269,0,30,11,-1,-1
954739,942,566,0,30,11,-1,-1
974005,961,566,0,30,14,-4,-4
1004425,991,566,0,30,14,-4,-4
1005439,992,566,0,30,14,-4,-4
1034845,1021,566,0,30,14,-4,-4
1035859,1022,566,0,30,14,-4,-4
1036873,1023,566,0,30,14,-4,-4
1065265,1051,566,0,30,14,-4,-4
1066279,1052,566,0,30,14,-4,-4
1067293,1053,566,0,30,14,-4,-4
1095685,1081,566,0,30,14,-4,-4
1096699,1082,566,0,30,14,-4,-4
1097713,1083,566,0,30,14,-4,-4
1098727,1084,566,0,30,14,-4,-4
1126105,1111,566,0,30,14,-4,-4
1127119,1112,566,0,30,14,-4,-4
1128133,1113,566,0,30,14,-4,-4
1129147,1114,566,0,30,14,-4,-4
1130161,1115,566,0,30,14,-4,-4
1156525,1141,566,0,30,14,-4,-4
1157539,1142,566,0,30,14,-4,-4
1158553,1143,566,0,30,14,-4,-4
1159567,1144,566,0,30,14,-4,-4
1160581,1145,566,0,30,14,-4,-4
1186945,1171,566,0,30,14,-4,-4
1187959,1172,566,0,30,14,-4,-4
1188973,1173,566,0,30,14,-4,-4
1189987,1174,566,0,30,14,-4,-4
1191001,1175,566,0,30,14,-4,-4
1192015,1176,566,0,30,14,-4,-4
1217365,1201,566,0,30,14,-4,-4
1218379,1202,566,0,30,14,-4,-4
1219393,1203,566,0,30,14,-4,-4
1220407,1204,566,0,30,14,-4,-4
1221421,1205,566,0,30,14,-4,-4
1222435,1206,566,0,30,14,-4,-4
1223449,1207,566,0,30,14,-4,-4
1247785,1231,566,0,30,14,-4,-4
1248799,1232,566,0,30,14,-4,-4
1249813,1233,566,0,30,14,-4,-4
1250827,1234,566,0,30,14,-4,-4
1251841,1235,566,0,30,14,-4,-4
1252855,1236,566,0,30,14,-4,-4
1253869,1237,566,0,30,14,-4,-4
1254883,1238,566,0,30,14,-4,-4
1278205,1261,566,0,30,14,-4,-4
1279219,1262,566,0,30,14,-4,-4
1280233,1263,566,0,30,14,-4,-4
1281247,1264,566,0,30,14,-4,-4
1282261,1265,566,0,30,14,-4,-4
1283275,1266,566,0,30,14,-4,-4
1308625,1291,566,0,30,14,-4,-4
1309639,1292,566,0,30,14,-4,-4
1310653,1293,566,0,30,14,-4,-4
1311667,1294,566,0,30,14,-4,-4
1339045,1321,566,0,30,14,-4,-4
1340059,1322,566,0,30,14,-4,-4
1341073,1323,566,0,30,14,-4,-4
1369465,1351,566,0,30,14,-4,-4
491341,485,566,0,35,11,-1,-1
492355,486,566,0,35,11,-1,-1
493369,487,566,0,35,11,-1,-1
494383,488,566,0,35,11,-1,-1
518719,512,566,0,35,11,-1,-1
519733,513,566,0,35,11,-1,-1
520747,514,566,0,35,11,-1,-1
521761,515,566,0,35,11,-1,-1
522775,516,566,0,35,11,-1,-1
523789,517,566,0,35,11,-1,-1
524803,518,566,0,35,11,-1,-1
525817,519,566,0,35,11,-1,-1
526831,520,566,0,35,11,-1,-1
548125,541,566,0,35,11,-1,-1
549139,542,566,0,35,11,-1,-1
550153,543,566,0,35,11,-1,-1
551167,544,566,0,35,11,-1,-1
552181,545,566,0,35,11,-1,-1
553195,546,566,0,35,11,-1,-1
554209,547,566,0,35,11,-1,-1
555223,548,566,0,35,11,-1,-1
556237,549,566,0,35,11,-1,-1
557251,550,566,0,35,11,-1,-1
558265,551,566,0,35,11,-1,-1
559279,552,566,0,35,11,-1,-1
578545,571,566,0,35,11,-1,-1
579559,572,566,0,35,11,-1,-1
580573,573,566,0,35,11,-1,-1
581587,574,566,0,35,11,-1,-1
582601,575,566,0,35,11,-1,-1
583615,576,566,0,35,11,-1,-1
584629,577,566,0,35,11,-1,-1
585643,578,566,0,35,11,-1,-1
586657,579,566,0,35,11,-1,-1
587671,580,566,0,35,11,-1,-1
588685,581,566,0,35,11,-1,-1
589699,582,566,0,35,11,-1,-1
590713,583,566,0,35,11,-1,-1
591727,584,566,0,35,11,-1,-1
608965,601,566,0,35,11,-1,-1
609979,602,566,0,35,11,-1,-1
610993,603,566,0,35,11,-1,-1
612007,604,566,0,35,11,-1,-1
613021,605,566,0,35,11,-1,-1
614035,606,566,0,35,11,-1,-1
615049,607,566,0,35,11,-1,-1
616063,608,566,0,35,11,-1,-1
617077,609,566,0,35,11,-1,-1
618091,610,566,0,35,11,-1,-1
619105,611,566,0,35,11,-1,-1
620119,612,566,0,35,11,-1,-1
621133,613,566,0,35,11,-1,-1
622147,614,566,0,35,11,-1,-1
623161,615,566,0,35,11,-1,-1
624175,616,566,0,35,11,-1,-1
639385,631,566,0,35,11,-1,-1
640399,632,566,0,35,11,-1,-1
641413,633,566,0,35,11,-1,-1
642427,634,566,0,35,11,-1,-1
643441,635,566,0,35,11,-1,-1
644455,636,566,0,35,11,-1,-1
645469,637,566,0,35,11,-1,-1
646483,638,566,0,35,11,-1,-1
647497,639,566,0,35,11,-1,-1
648511,640,566,0,35,11,-1,-1
649525,641,566,0,35,11,-1,-1
650539,642,566,0,35,11,-1,-1
651553,643,566,0,35,11,-1,-1
652567,644,566,0,35,11,-1,-1
653581,645,566,0,35,11,-1,-1
654595,646,566,0,35,11,-1,-1
655609,647,566,0,35,11,-1,-1
669805,661,566,0,35,11,-1,-1
670819,662,566,0,35,11,-1,-1
671833,663,566,0,35,11,-1,-1
672847,664,566,0,35,11,-1,-1
673861,665,566,0,35,11,-1,-1
674875,666,566,0,35,11,-1,-1
675889,667,566,0,35,11,-1,-1
676903,668,566,0,35,11,-1,-1
677917,669,566,0,35,11,-1,-1
678931,670,566,0,35,11,-1,-1
679945,671,566,0,35,11,-1,-1
680959,672,566,0,35,11,-1,-1
681973,673,566,0,35,11,-1,-1
682987,674,566,0,35,11,-1,-1
684001,675,566,0,35,11,-1,-1
685015,676,566,0,35,11,-1,-1
686029,677,566,0,35,11,-1,-1
687043,678,566,0,35,11,-1,-1
700225,691,566,0,35,11,-1,-1
701239,692,566,0,35,11,-1,-1
702253,693,566,0,35,11,-1,-1
703267,694,566,0,35,11,-1,-1
704281,695,566,0,35,11,-1,-1
705295,696,566,0,35,11,-1,-1
706309,697,566,0,35,11,-1,-1
707323,698,566,0,35,11,-1,-1
708337,699,566,0,35,11,-1,-1
709351,700,566,0,35,11,-1,-1
710365,701,566,0,35,11,-1,-1
711379,702,566,0,35,11,-1,-1
712393,703,566,0,35,11,-1,-1
713407,704,566,0,35,11,-1,-1
714421,705,566,0,35,11,-1,-1
715435,706,566,0,35,11,-1,-1
716449,707,566,0,35,11,-1,-1
717463,708,566,0,35,11,-1,-1
730645,721,566,0,35,11,-1,-1
731659,722,566,0,35,11,-1,-1
732673,723,566,0,35,11,-1,-1
733687,724,566,0,35,11,-1,-1
734701,725,566,0,35,11,-1,-1
735715,726,566,0,35,11,-1,-1
736729,727,566,0,35,11,-1,-1
737743,728,566,0,35,11,-1,-1
738757,729,566,0,35,11,-1,-1
739771,730,566,0,35,11,-1,-1
740785,731,566,0,35,11,-1,-1
741799,732,566,0,35,11,-1,-1
742813,733,566,0,35,11,-1,-1
743827,734,566,0,35,11,-1,-1
744841,735,566,0,35,11,-1,-1
745855,736,566,0,35,11,-1,-1
746869,737,566,0,35,11,-1,-1
747883,738,566,0,35,11,-1,-1
748897,739,566,0,35,11,-1,-1
761065,751,566,0,35,11,-1,-1
762079,752,566,0,35,11,-1,-1
763093,753,566,0,35,11,-1,-1
764107,754,566,0,35,11,-1,-1
765121,755,566,0,35,11,-1,-1
766135,756,566,0,35,11,-1,-1
767149,757,566,0,35,11,-1,-1
768163,758,566,0,35,11,-1,-1
769177,759,566,0,35,11,-1,-1
770191,760,566,0,35,11,-1,-1
771205,761,566,0,35,11,-1,-1
772219,762,566,0,35,11,-1,-1
773233,763,566,0,35,11,-1,-1
774247,764,566,0,35,11,-1,-1
775261,765,566,0,35,11,-1,-1
776275,766,566,0,35,11,-1,-1
777289,767,566,0,35,11,-1,-1
778303,768,566,0,35,11,-1,-1
779317,769,566,0,35,11,-1,-1
780331,770,566,0,35,11,-1,-1
791485,781,566,0,35,11,-1,-1
792499,782,566,0,35,11,-1,-1
793513,783,566,0,35,11,-1,-1
794527,784,566,0,35,11,-1,-1
795541,785,566,0,35,11,-1,-1
796555,786,566,0,35,11,-1,-1
797569,787,566,0,35,11,-1,-1
798583,788,566,0,35,11,-1,-1
799597,789,566,0,35,11,-1,-1
800611,790,566,0,35,11,-1,-1
801625,791,566,0,35,11,-1,-1
802639,792,566,0,35,11,-1,-1
803653,793,566,0,35,11,-1,-1
804667,794,566,0,35,11,-1,-1
805681,795,566,0,35,11,-1,-1
806695,796,566,0,35,11,-1,-1
807709,797,566,0,35,11,-1,-1
808723,798,566,0,35,11,-1,-1
821905,811,566,0,35,11,-1,-1
822919,812,566,0,35,11,-1,-1
823933,813,566,0,35,11,-1,-1
824947,814,566,0,35,11,-1,-1
825961,815,566,0,35,11,-1,-1
826975,816,566,0,35,11,-1,-1
827989,817,566,0,35,11,-1,-1
829003,818,566,0,35,11,-1,-1
830017,819,566,0,35,11,-1,-1
831031,820,566,0,35,11,-1,-1
832045,821,566,0,35,11,-1,-1
833059,822,566,0,35,11,-1,-1
834073,823,566,0,35,11,-1,-1
835087,824,566,0,35,11,-1,-1
836101,825,566,0,35,11,-1,-1
837115,826,566,0,35,11,-1,-1
838129,827,566,0,35,11,-1,-1
849850,839,119,0,35,12,-1,-1
850000,839,269,0,35,12,-1,-1
850864,840,119,0,35,12,-1,-1
851014,840,269,0,35,12,-1,-1
854353,843,566,0,35,11,-1,-1
855367,844,566,0,35,11,-1,-1
856381,845,566,0,35,11,-1,-1
857395,846,566,0,35,11,-1,-1
858409,847,566,0,35,11,-1,-1
859423,848,566,0,35,11,-1,-1
860437,849,566,0,35,11,-1,-1
861451,850,566,0,35,11,-1,-1
862465,851,566,0,35,11,-1,-1
863479,852,566,0,35,11,-1,-1
864493,853,566,0,35,11,-1,-1
865507,854,566,0,35,11,-1,-1
866521,855,566,0,35,11,-1,-1
867535,856,566,0,35,11,-1,-1
876214,865,119,0,35,12,-1,-1
876364,865,269,0,35,12,-1,-1
877228,866,119,0,35,12,-1,-1
877378,866,269,0,35,12,-1,-1
878242,867,119,0,35,12,-1,-1
878392,867,269,0,35,12,-1,-1
879256,868,119,0,35,12,-1,-1
879406,868,269,0,35,12,-1,-1
880270,869,119,0,35,12,-1,-1
880420,869,269,0,35,12,-1,-1
881284,870,119,0,35,12,-1,-1
881434,870,269,0,35,12,-1,-1
886801,875,566,0,35,11,-1,-1
887815,876,566,0,35,11,-1,-1
888829,877,566,0,35,11,-1,-1
889843,878,566,0,35,11,-1,-1
890857,879,566,0,35,11,-1,-1
891871,880,566,0,35,11,-1,-1
892885,881,566,0,35,11,-1,-1
893899,882,566,0,35,11,-1,-1
894913,883,566,0,35,11,-1,-1
895927,884,566,0,35,11,-1,-1
906634,895,119,0,35,12,-1,-1
906784,895,269,0,35,12,-1,-1
907648,896,119,0,35,12,-1,-1
907798,896,269,0,35,12,-1,-1
908662,897,119,0,35,12,-1,-1
908812,897,269,0,35,12,-1,-1
909676,898,119,0,35,12,-1,-1
909826,898,269,0,35,12,-1,-1
910690,899,119,0,35,12,-1,-1
910840,899,269,0,35,12,-1,-1
911704,900,119,0,35,12,-1,-1
911854,900,269,0,35,12,-1,-1
919249,907,566,0,35,11,-1,-1
920263,908,566,0,35,11,-1,-1
921277,909,566,0,35,11,-1,-1
922291,910,566,0,35,11,-1,-1
923305,911,566,0,35,11,-1,-1
924319,912,566,0,35,11,-1,-1
925333,913,566,0,35,11,-1,-1
937054,925,119,0,35,12,-1,-1
937204,925,269,0,35,12,-1,-1
938068,926,119,0,35,12,-1,-1
938218,926,269,0,35,12,-1,-1
939082,927,119,0,35,12,-1,-1
939232,927,269,0,35,12,-1,-1
940096,928,119,0,35,12,-1,-1
940246,928,269,0,35,12,-1,-1
941110,929,119,0,35,12,-1,-1
941260,929,269,0,35,12,-1,-1
942124,930,119,0,35,12,-1,-1
942274,930,269,0,35,12,-1,-1
952711,940,566,0,35,11,-1,-1
953725,941,566,0,35,11,-1,-1
954739,942,566,0,35,11,-1,-1
967474,955,119,0,35,12,-1,-1
967624,955,269,0,35,12,-1,-1
968488,956,119,0,35,12,-1,-1
968638,956,269,0,35,12,-1,-1
969502,957,119,0,35,12,-1,-1
969652,957,269,0,35,12,-1,-1
970516,958,119,0,35,12,-1,-1
970666,958,269,0,35,12,-1,-1
971530,959,119,0,35,12,-1,-1
971680,959,269,0,35,12,-1,-1
972544,960,119,0,35,12,-1,-1
972694,960,269,0,35,12,-1,-1
997894,985,119,0,35,12,-1,-1
998044,985,269,0,35,12,-1,-1
998908,986,119,0,35,12,-1,-1
999058,986,269,0,35,12,-1,-1
999922,987,119,0,35,12,-1,-1
1000072,987,269,0,35,12,-1,-1
1000936,988,119,0,35,12,-1,-1
1001086,988,269,0,35,12,-1,-1
1001950,989,119,0,35,12,-1,-1
1002100,989,269,0,35,12,-1,-1
1002964,990,119,0,35,12,-1,-1
1003114,990,269,0,35,12,-1,-1
1028314,1015,119,0,35,12,-1,-1
1028464,1015,269,0,35,12,-1,-1
1029328,1016,119,0,35,12,-1,-1
1029478,1016,269,0,35,12,-1,-1
1030342,1017,119,0,35,12,-1,-1
1030492,1017,269,0,35,12,-1,-1
1031356,1018,119,0,35,12,-1,-1
1031506,1018,269,0,35,12,-1,-1
1032370,1019,119,0,35,12,-1,-1
1032520,1019,269,0,35,12,-1,-1
1033384,1020,119,0,35,12,-1,-1
1033534,1020,269,0,35,12,-1,-1
1058734,1045,119,0,35,12,-1,-1
1058884,1045,269,0,35,12,-1,-1
1059748,1046,119,0,35,12,-1,-1
1059898,1046,269,0,35,12,-1,-1
1060762,1047,119,0,35,12,-1,-1
1060912,1047,269,0,35,12,-1,-1
1061776,1048,119,0,35,12,-1,-1
1061926,1048,269,0,35,12,-1,-1
1062790,1049,119,0,35,12,-1,-1
1062940,1049,269,0,35,12,-1,-1
1063804,1050,119,0,35,12,-1,-1
1063954,1050,269,0,35,12,-1,-1
1089154,1075,119,0,35,12,-1,-1
1089304,1075,269,0,35,12,-1,-1
1090168,1076,119,0,35,12,-1,-1
1090318,1076,269,0,35,12,-1,-1
1091182,1077,119,0,35,12,-1,-1
1091332,1077,269,0,35,12,-1,-1
1092196,1078,119,0,35,12,-1,-1
1092346,1078,269,0,35,12,-1,-1
1093210,1079,119,0,35,12,-1,-1
1093360,1079,269,0,35,12,-1,-1
1094224,1080,119,0,35,12,-1,-1
1094374,1080,269,0,35,12,-1,-1
1119574,1105,119,0,35,12,-1,-1
1119724,1105,269,0,35,12,-1,-1
1120588,1106,119,0,35,12,-1,-1
1120738,1106,269,0,35,12,-1,-1
1121602,1107,119,0,35,12,-1,-1
1121752,1107,269,0,35,12,-1,-1
1122616,1108,119,0,35,12,-1,-1
1122766,1108,269,0,35,12,-1,-1
1123630,1109,119,0,35,12,-1,-1
1123780,1109,269,0,35,12,-1,-1
1124644,1110,119,0,35,12,-1,-1
1124794,1110,269,0,35,12,-1,-1
1149994,1135,119,0,35,12,-1,-1
1150144,1135,269,0,35,12,-1,-1
1151008,1136,119,0,35,12,-1,-1
1151158,1136,269,0,35,12,-1,-1
1152022,1137,119,0,35,12,-1,-1
1152172,1137,269,0,35,12,-1,-1
1153036,1138,119,0,35,12,-1,-1
1153186,1138,269,0,35,12,-1,-1
1154050,1139,119,0,35,12,-1,-1
1154200,1139,269,0,35,12,-1,-1
1155064,1140,119,0,35,12,-1,-1
1155214,1140,269,0,35,12,-1,-1
1180414,1165,119,0,35,12,-1,-1
1180564,1165,269,0,35,12,-1,-1
1181428,1166,119,0,35,12,-1,-1
1181578,1166,269,0,35,12,-1,-1
1182442,1167,119,0,35,12,-1,-1
1182592,1167,269,0,35,12,-1,-1
1183456,1168,119,0,35,12,-1,-1
1183606,1168,269,0,35,12,-1,-1
1184470,1169,119,0,35,12,-1,-1
1184620,1169,269,0,35,12,-1,-1
1185484,1170,119,0,35,12,-1,-1
1185634,1170,269,0,35,12,-1,-1
1210834,1195,119,0,35,12,-1,-1
1210984,1195,269,0,35,12,-1,-1
1211848,1196,119,0,35,12,-1,-1
1211998,1196,269,0,35,12,-1,-1
1212862,1197,119,0,35,12,-1,-1
1213012,1197,269,0,35,12,-1,-1
1213876,1198,119,0,35,12,-1,-1
1214026,1198,269,0,35,12,-1,-1
1214890,1199,119,0,35,12,-1,-1
1215040,1199,269,0,35,12,-1,-1
1215904,1200,119,0,35,12,-1,-1
1216054,1200,269,0,35,12,-1,-1
1242268,1226,119,0,35,12,-1,-1
1242418,1226,269,0,35,12,-1,-1
1243282,1227,119,0,35,12,-1,-1
1243432,1227,269,0,35,12,-1,-1
1244296,1228,119,0,35,12,-1,-1
1244446,1228,269,0,35,12,-1,-1
1245310,1229,119,0,35,12,-1,-1
1245460,1229,269,0,35,12,-1,-1
1246324,1230,119,0,35,12,-1,-1
1246474,1230,269,0,35,12,-1,-1
1273702,1257,119,0,35,12,-1,-1
1273852,1257,269,0,35,12,-1,-1
1274716,1258,119,0,35,12,-1,-1
1274866,1258,269,0,35,12,-1,-1
1275730,1259,119,0,35,12,-1,-1
1275880,1259,269,0,35,12,-1,-1
1276744,1260,119,0,35,12,-1,-1
1276894,1260,269,0,35,12,-1,-1
